date,tavg,tmin,tmax,prcp,snow,wdir,wspd,wpgt,pres,tsun
2018-10-01,21.6,17.8,27.2,0,0,180.4,12.2,,1025.2,
2018-10-02,23.2,18.9,28.9,0,0,187.1,14,,1020.7,
2018-10-03,24.5,20.6,30.6,0,0,264.8,9.4,,1017.7,
2018-10-04,24.2,20,32.2,0,0,189.8,9.4,,1016.1,
2018-10-05,22,18.9,25,0,0,32,14,,1019.2,
2018-10-06,21,18.9,23.9,0,0,138.1,6.1,,1022,
2018-10-07,23.7,21.7,27.8,0,0,179.8,9,,1022.7,
2018-10-08,24.6,21.7,29.4,0,0,142.3,6.5,,1026.2,
2018-10-09,24.7,22.2,28.3,0,0,156,6.1,,1025.5,
2018-10-10,24.8,22.8,28.9,0,0,173.6,10.4,,1018.1,
2018-10-11,25.4,21.1,28.3,38.4,0,183.6,16.6,,1006.1,
2018-10-12,18.2,12.8,21.1,0,0,331.7,23.8,,1007.4,
2018-10-13,13.6,9.4,16.7,0.5,0,330.6,14.4,,1014.6,
2018-10-14,11.9,8.9,15.6,0.3,0,164.3,5.8,,1023.5,
2018-10-15,17.1,15,23.3,4.6,0,200.4,16.9,,1018.2,
2018-10-16,17,13.3,19.4,0,0,321.1,15.5,,1020.9,
2018-10-17,15.7,11.7,21.1,0,0,308.7,15.5,,1018.8,
2018-10-18,12.8,8.3,15,0,0,319.2,15.1,,1028.8,
2018-10-19,11.8,6.1,18.9,0.5,0,203.4,14.4,,1024.4,
2018-10-20,15.8,11.7,20.6,1.8,0,239.6,13,,1008.5,
2018-10-21,11.6,5.6,13.3,0,0,314.4,24.5,,1017.5,
2018-10-22,8.5,3.3,14.4,0,0,215.5,13.7,,1024.7,
2018-10-23,13.4,7.2,22.2,0,0,226.7,14,,1018.4,
2018-10-24,12.2,6.1,14.4,0,0,322.1,18.7,,1022.8,
2018-10-25,8.6,4.4,12.8,0,0,318.1,11.2,,1022.9,
2018-10-26,9.2,7.2,10.6,18.8,0,74.1,14,,1017.3,
2018-10-27,10.8,9.4,12.2,12.4,0,344.4,19.1,,1003.6,
2018-10-28,12.2,10,16.7,0.5,0,240.3,13,,1009.2,
2018-10-29,12.9,8.9,16.7,0,0,265.5,13.7,,1012.8,
2018-10-30,11.7,6.1,18.3,0,0,259.1,9,,1020.7,
2018-10-31,12.8,8.3,20.6,0,0,189.7,11.2,,1017.6,
2018-11-01,17.3,13.9,24.4,0,0,190.4,18.7,,1011.4,
2018-11-02,20.4,13.3,22.8,19.1,0,182.7,17.6,,1005.2,
2018-11-03,14,8.3,16.1,0.8,0,301.4,16.2,,1015.4,
2018-11-04,10.3,5.6,15,0,0,67.5,9,,1031.5,
2018-11-05,12.4,11.7,14.4,36.6,0,31.9,12.6,,1022.3,
2018-11-06,13.6,12.2,16.1,20.1,0,190.5,10.8,,1012,
2018-11-07,13.9,8.9,18.9,0,0,227.2,7.6,,1018.3,
2018-11-08,13.3,10,16.1,0,0,13.6,14.8,,1024.3,
2018-11-09,10,7.8,11.1,13.7,0,18.1,12.2,,1019.4,
2018-11-10,7.7,0.6,10,0,0,310.8,20.5,,1021.1,
2018-11-11,3.6,-0.5,8.9,0,0,258.1,8.3,,1030,
2018-11-12,5.8,2.2,10,15.2,0,147.5,5.8,,1028.3,
2018-11-13,8,6.7,10,8.6,0,329,16.9,,1018.3,
2018-11-14,6.1,3.3,7.8,0,0,348.6,17.6,,1030.9,
2018-11-15,3.2,0,5,29.2,0,39.7,24.1,,1023.6,
2018-11-16,6.2,2.8,12.2,1.3,0,293.5,19.1,,1011.7,
2018-11-17,7.8,4.4,10.6,0,0,307.8,10.8,,1024.6,
2018-11-18,6.1,1.1,11.1,0,0,137.7,6.1,,1026.3,
2018-11-19,8.7,4.4,15,0,0,185.2,7.2,,1018,
2018-11-20,10.4,5.6,13.3,0,0,300.8,16.6,,1015.9,
2018-11-21,6.7,0.6,12.8,0,0,281.8,15.1,,1021.7,
2018-11-22,2.6,-1.6,5.6,0,0,359.4,22.3,,1031.8,
2018-11-23,-0.7,-2.1,1.7,0,0,108.9,10.8,,1034,
2018-11-24,3.6,1.1,8.9,36.1,0,22.2,13,,1014.6,
2018-11-25,8,3.3,15.6,0,0,252.5,9.4,,1011.9,
2018-11-26,9.7,5.6,11.1,11.4,0,198.8,11.2,,1003.9,
2018-11-27,5.8,2.8,7.2,0,0,289.6,24.5,,1004.6,
2018-11-28,2.7,0,4.4,0,0,302.9,27.4,,1010.2,
2018-11-29,1.9,-0.5,5.6,0,0,285.6,13.7,,1018.8,
2018-11-30,5.1,3.3,8.3,0.3,0,61.9,6.1,,1017.9,
2018-12-01,4.9,2.2,7.2,5.3,0,53.9,5.4,,1020.1,
2018-12-02,8.7,7.2,14.4,2.8,0,169.4,12.2,,1006.3,
2018-12-03,13.1,8.9,16.7,0,0,279.9,15.8,,1007.8,
2018-12-04,7,1.7,8.9,0,0,324.3,19.1,,1016.8,
2018-12-05,2.7,0.6,5,0,0,353.9,11.2,,1019.8,
2018-12-06,3.3,0.6,7.2,0,0,235.9,13,,1025.2,
2018-12-07,4.4,0.6,6.7,0,0,327.4,15.1,,1029.3,
2018-12-08,1.2,-2.7,4.4,0,0,337.3,11.2,,1034,
2018-12-09,0.9,0,1.7,0,0,28.4,14.8,,1028.9,
2018-12-10,1.4,-1,5,0,0,1.2,16.9,,1021.2,
2018-12-11,1.7,-3.2,8.3,0,0,298.9,9.4,,1020.1,
2018-12-12,3.9,-1,8.3,0,0,243.1,8.3,,1021.6,
2018-12-13,6.1,3.9,12.2,0,0,113,6.1,,1025.8,
2018-12-14,6.5,2.8,9.4,7.4,0,50.2,9,,1027.9,
2018-12-15,10.3,8.9,12.8,64.8,0,28.8,18.4,,1016.8,
2018-12-16,8.9,6.1,10,15.2,0,351.4,18.4,,1012.5,
2018-12-17,8.8,5.6,14.4,0,0,289.1,18,,1012.4,
2018-12-18,6.2,1.1,8.3,0,0,319.9,16.6,,1020.2,
2018-12-19,4.1,-1,10.6,0,0,178.7,9.4,,1021.2,
2018-12-20,4.9,2.2,16.7,9.1,0,68.8,11.2,,1014,
2018-12-21,15,8.3,19.4,4.3,0,178.5,19.1,,992.4,
2018-12-22,9.7,5.6,11.7,0,0,296.2,23,,1007.2,
2018-12-23,6.5,2.8,9.4,0.5,0,198.7,9,,1020.7,
2018-12-24,7.1,4.4,8.9,0,0,316.9,15.5,,1021.2,
2018-12-25,4.6,-0.5,6.7,0,0,318.3,11.2,,1028,
2018-12-26,3.2,-0.5,8.3,0,0,236.9,6.8,,1033.4,
2018-12-27,5.2,0.6,11.7,0.3,0,151.7,8.3,,1033.6,
2018-12-28,8.9,6.7,13.9,25.9,0,186.6,7.6,,1017.7,
2018-12-29,10.4,5,14.4,0,0,314.8,14,,1019.4,
2018-12-30,6.2,3.9,8.3,0,0,135,5.8,,1023.7,
2018-12-31,6.4,3.9,10.6,12.2,0,135.8,4.7,,1021,
2019-01-01,13.6,6.7,17.8,0,0,289.4,20.2,,1014.7,
2019-01-02,7.9,5.6,8.9,0,0,100.5,9,,1023.9,
2019-01-03,8.5,4.4,10.6,0,0,302.3,10.8,,1016.2,
2019-01-04,5.9,2.2,10,1,0,163.5,8.3,,1014.6,
2019-01-05,9.1,7.8,12.2,1,0,324.3,14.8,,1003.3,
2019-01-06,9.9,3.9,13.9,0,0,304.6,16.6,,1018.2,
2019-01-07,4.1,1.7,5,0,0,85.7,15.1,,1029.6,
2019-01-08,7,3.9,15.6,6.1,0,196.4,12.2,,1013.7,
2019-01-09,9.2,0.6,12.2,0,0,297,25.9,,1009.6,
2019-01-10,1.4,-1,3.9,0,0,302.9,28.4,,1016.5,
2019-01-11,0.3,-1.6,3.9,0,0,320,22.3,,1027.2,
2019-01-12,0.5,-1,2.8,3.3,0,108.4,7.6,,1033,
2019-01-13,-0.8,-1.6,0,18,100,34,18.4,,1027.1,
2019-01-14,-0.2,-2.7,2.8,0,250,340,10.8,,1024.4,
2019-01-15,0.3,-3.8,3.9,0,150,297,11.5,,1022.7,
2019-01-16,1.1,-4.3,6.7,0,130,254.8,12.6,,1022.1,
2019-01-17,3.4,1.1,4.4,2.3,80,68.2,10.1,,1026.3,
2019-01-18,2.1,1.1,5,0.5,80,16.3,7.2,,1020.3,
2019-01-19,3.8,2.8,4.4,15.5,30,52.8,9.4,,1017.9,
2019-01-20,4.5,-7.7,13.3,4.8,0,317.2,28.4,,1002,
2019-01-21,-6.8,-9.3,-4.3,0,0,311.7,30.2,,1026.9,
2019-01-22,-5.6,-8.8,0.6,0,0,241.6,14,,1038.2,
2019-01-23,3.3,-0.5,11.1,0,0,189.9,18.7,,1023.4,
2019-01-24,10.8,2.2,15.6,26.2,0,252,22.3,,1004.4,
2019-01-25,3.4,-1,6.7,0,0,298.9,15.8,,1018.3,
2019-01-26,0.8,-3.2,5.6,0,0,71.9,5,,1023.8,
2019-01-27,2.8,-2.1,9.4,0,0,207.4,13.3,,1017.9,
2019-01-28,2.9,-1,4.4,0,0,53.1,14.4,,1017.9,
2019-01-29,1.5,-2.1,5,5.1,0,186.8,15.1,,1012.5,
2019-01-30,-2.2,-11,3.9,0,0,309,25.2,,1017.9,
2019-01-31,-8.8,-12.1,-3.8,0,0,312.9,10.8,,1030.7,
2019-02-01,-5.9,-6.6,-4.3,1.3,0,58.5,12.2,,1029.8,
2019-02-02,-3.1,-7.7,5,0,30,160.8,9,,1026.8,
2019-02-03,3.4,-2.1,13.3,0,0,165.5,4.7,,1020.8,
2019-02-04,6.8,0.6,17.8,0,0,89.4,3.6,,1018.1,
2019-02-05,10.2,2.2,23.3,0,0,217.9,6.5,,1016.4,
2019-02-06,11.1,5.6,14.4,0.8,0,74.7,10.8,,1018.8,
2019-02-07,9.9,7.8,13.3,0,0,64.7,9,,1016.8,
2019-02-08,10.3,2.8,16.1,0,0,291.6,20.5,,1018.7,
2019-02-09,1.5,-2.1,2.8,0,0,330.3,22,,1038.8,
2019-02-10,0.4,-3.2,5,2.8,0,160.9,7.9,,1036.3,
2019-02-11,2.1,1.1,3.3,8.9,0,73.1,10.4,,1025.2,
2019-02-12,2.7,1.7,5,17.3,0,37.7,11.2,,1017,
2019-02-13,5.8,2.8,10.6,0,0,259.7,15.1,,1009.5,
2019-02-14,5.6,0,12.2,0,0,196,10.1,,1017.4,
2019-02-15,11.9,8.3,18.3,0,0,199.4,22.7,,1007.5,
2019-02-16,8.4,2.2,11.1,0,0,343.6,20.5,,1013,
2019-02-17,2.6,0,5,5.3,0,88.7,11.5,,1018,
2019-02-18,5.6,2.8,11.1,6.4,0,300.6,22,,1016.6,
2019-02-19,2.8,-1.6,6.1,0,0,338.2,15.8,,1035.6,
2019-02-20,1.6,-1,2.8,18.5,0,81.6,10.1,,1029.7,
2019-02-21,4.9,1.1,15.6,0,50,310.3,6.5,,1018.2,
2019-02-22,9.4,6.1,11.1,0.5,0,22,9.4,,1028.2,
2019-02-23,5.3,3.9,6.7,3.8,0,70.5,10.8,,1028.2,
2019-02-24,6.5,3.9,17.2,23.9,0,212.4,18,,1006.3,
2019-02-25,8.3,5,10.6,0,0,290.5,29.5,,1017.5,
2019-02-26,6.4,1.1,11.7,0,0,336.6,13.7,,1028.5,
2019-02-27,3.2,0,5,0,0,97.7,12.6,,1024.7,
2019-02-28,6.2,3.9,10,0,0,22,15.8,,1019.8,
2019-03-01,2.2,1.1,3.9,16.3,0,59.6,15.8,,1023.3,
2019-03-02,4.1,2.2,9.4,1.3,0,336.7,13.3,,1018.5,
2019-03-03,6.2,2.8,8.3,13.2,0,27.8,13.3,,1017.3,
2019-03-04,3.3,-1,6.1,0.3,0,321,22,,1013.3,
2019-03-05,0.8,-2.7,6.1,0,0,309.7,15.8,,1018.4,
2019-03-06,-1.7,-5.5,1.1,0,0,307.5,23,,1024.5,
2019-03-07,0.1,-3.8,7.2,0,0,285.7,13.3,,1027.5,
2019-03-08,2.5,0,5,5.3,0,92.9,6.5,,1026.8,
2019-03-09,3.4,1.7,6.1,1.8,0,79.4,9.4,,1025.2,
2019-03-10,7.1,4.4,15.6,10.4,0,,9.4,,,
2019-03-11,12.9,8.9,16.7,0,0,306.2,17.6,,1019.9,
2019-03-12,9,3.9,11.7,0,0,331.1,18.7,,1025.2,
2019-03-13,7.6,1.1,15.6,0,0,174,11.2,,1026.5,
2019-03-14,13.4,7.8,23.9,0,0,180.5,18,,1019.4,
2019-03-15,19.9,13.9,25.6,0,0,199.5,29.5,,1009.7,
2019-03-16,12.7,5.6,13.9,0,0,312.5,25.6,,1019,
2019-03-17,7.3,2.8,12.2,0,0,317.4,12.2,,1023.7,
2019-03-18,7.3,4.4,10.6,0,0,23.7,9.4,,1025.1,
2019-03-19,6.7,1.7,12.2,0,0,357,9.4,,1030.3,
2019-03-20,7.7,3.3,13.9,0,0,,8.6,,1027.3,
2019-03-21,8.4,6.1,9.4,49.8,0,358.9,22.7,,1011.2,
2019-03-22,8.3,3.9,12.8,2.3,0,304.6,29.2,,1003.7,
2019-03-23,6.8,2.8,12.8,0,0,298.7,23,,1018.5,
2019-03-24,9.8,1.7,18.9,0,0,204.3,10.8,,1022.9,
2019-03-25,13.3,7.2,18.3,0,0,33.4,14.8,,1016.9,
2019-03-26,7.8,3.9,11.1,0,0,13,19.8,,1024.3,
2019-03-27,7.1,1.7,12.8,0,0,81.2,10.1,,1031.8,
2019-03-28,8.7,2.8,16.7,0,0,167.9,13.7,,1028.1,
2019-03-29,14.4,10.6,21.7,0,0,178.4,9.4,,1019.9,
2019-03-30,17.1,11.1,26.1,0,0,175.2,15.5,,1014,
2019-03-31,15.4,1.7,17.8,1,0,271.9,27.7,,1010.2,
2019-04-01,5.2,1.1,10.6,0,0,313,19.1,,1026,
2019-04-02,6.9,3.9,10,1,0,95.6,11.2,,1024.9,
2019-04-03,11.3,3.3,22.2,0,0,290.6,15.5,,1021,
2019-04-04,14.4,6.7,20.6,0,0,154,5.8,,1028.4,
2019-04-05,11.1,8.3,13.3,2.3,0,64.8,13,,1026.6,
2019-04-06,12.4,8.3,21.7,0,0,35.1,7.6,,1022.5,
2019-04-07,16.4,10.6,23.9,0,0,,11.9,,1022,
2019-04-08,20.3,15,28.9,0.8,0,201,15.5,,1011.7,
2019-04-09,20.3,16.1,27.2,0.3,0,278.1,15.1,,1004.7,
2019-04-10,18.4,10,22.2,0,0,342.5,13.7,,1010.7,
2019-04-11,13.9,9.4,16.7,0,0,79.9,18.4,,1020.4,
2019-04-12,14.4,9.4,22.8,1.3,0,149.9,10.4,,1020,
2019-04-13,19.7,17.2,25,9.4,0,181.4,9,,1017.7,
2019-04-14,20,17.2,25,0,0,170.1,17.3,,1008.9,
2019-04-15,17.4,8.3,23.9,18.3,0,277.5,24.8,,1004.3,
2019-04-16,12.7,6.7,20.6,0,0,249.7,13.3,,1019.6,
2019-04-17,17.3,13.3,21.7,0,0,107.8,14,,1017.9,
2019-04-18,17.2,12.8,26.7,0,0,144.1,14.8,,1014.5,
2019-04-19,21.4,18.9,24.4,7.9,0,174.2,23,,1006.3,
2019-04-20,20.8,16.1,23.3,0,0,178.6,23,,1003.9,
2019-04-21,16.7,11.1,22.2,0,0,235.7,11.2,,1014.6,
2019-04-22,17.6,12.8,23.3,0,0,325.1,16.9,,1019.1,
2019-04-23,19.8,12.2,27.8,0,0,177.7,13,,1014.7,
2019-04-24,21.7,17.8,25,0,0,309.7,13,,1010.4,
2019-04-25,19.8,16.7,25,0,0,69.9,10.1,,1012.3,
2019-04-26,18.4,14.4,25,15,0,188.7,16.9,,1001.9,
2019-04-27,16.7,12.2,22.2,0.8,0,293.6,24.5,,1007.5,
2019-04-28,16.8,10.6,23.3,0,0,308.7,14.8,,1015,
2019-04-29,12.4,8.3,16.7,0,0,92.3,14,,1027.1,
2019-04-30,18.1,13.3,28.3,0,0,173.7,11.5,,1022.2,
2019-05-01,18.4,15,21.1,0,0,85.4,13,,1024.4,
2019-05-02,19.9,15.6,30.6,12.2,0,192.6,9,,1019.5,
2019-05-03,21.6,18.3,26.1,0,0,131.1,11.9,,1015.6,
2019-05-04,21.1,18.3,24.4,14,0,45.3,7.9,,1010.6,
2019-05-05,19.2,15.6,20,16.5,0,28,16.2,,1006.8,
2019-05-06,18.7,15,25.6,0,0,329.5,10.4,,1015.2,
2019-05-07,20.9,16.1,27.2,0,0,186.3,14.8,,1019.9,
2019-05-08,20.4,17.2,23.3,0,0,75.8,14.4,,1020.8,
2019-05-09,19.6,16.7,25.6,0,0,109.6,12.6,,1021,
2019-05-10,22.4,19.4,27.8,13.2,0,189.5,17.6,,1016.4,
2019-05-11,19.9,14.4,23.3,10.4,0,29.4,11.2,,1015.9,
2019-05-12,14.7,10.6,16.1,12.4,0,47.6,19.8,,1008,
2019-05-13,11.9,10,15.6,15,0,22.8,11.2,,1008.7,
2019-05-14,13.9,10.6,17.8,0,0,315.1,18.4,,1011.7,
2019-05-15,16.6,10,24.4,0,0,300,15.1,,1014,
2019-05-16,19.2,13.3,26.7,0.3,0,246.7,10.4,,1012.7,
2019-05-17,19.7,15,27.8,0,0,216.6,11.2,,1010.3,
2019-05-18,23.7,17.8,28.9,0,0,68,7.9,,1014.4,
2019-05-19,23.6,18.3,30.6,6.1,0,177.5,14.8,,1015.1,
2019-05-20,26.6,22.8,32.2,0,0,216.9,19.8,,1011.1,
2019-05-21,21.2,16.7,22.8,0,0,332.2,19.8,,1016.4,
2019-05-22,18.4,13.9,22.2,0,0,118,11.9,,1023.9,
2019-05-23,20.9,16.1,29.4,7.9,0,187.9,17.6,,1019.1,
2019-05-24,24.1,21.1,28.9,0,0,322.5,18.4,,1016.3,
2019-05-25,23.2,19.4,27.8,0,0,135.3,13.7,,1020.1,
2019-05-26,25.2,20.6,33.3,6.1,0,255.7,10.8,,1015.5,
2019-05-27,25.3,21.1,29.4,0,0,355.5,13,,1013.7,
2019-05-28,25.3,21.1,32.8,4.8,0,197.6,15.1,,1008.9,
2019-05-29,28.2,23.3,33.9,0,0,241.6,14.4,,1006.8,
2019-05-30,26.8,22.2,32.2,7.4,0,247.3,12.2,,1008.1,
2019-05-31,24.7,19.4,29.4,0,0,303.2,10.1,,1009.1,
2019-06-01,25.1,20.6,30.6,0,0,339.9,9.7,,1009.6,
2019-06-02,24.7,19.4,29.4,0.3,0,227,13.3,,1007.4,
2019-06-03,20.7,14.4,24.4,0,0,329.9,16.9,,1014.7,
2019-06-04,19.4,12.2,25.6,0,0,245.5,13.3,,1020.1,
2019-06-05,23.2,18.3,28.3,0.3,0,203.7,19.1,,1012.5,
2019-06-06,26.4,21.7,32.2,0,0,277.4,12.6,,1008.2,
2019-06-07,24.9,21.7,27.2,0,0,53.8,14.4,,1012.1,
2019-06-08,24.3,20,28.3,0,0,72.6,19.4,,1017.8,
2019-06-09,21.7,18.3,23.3,3.3,0,59.6,22.3,,1020.4,
2019-06-10,20.2,17.8,25,9.4,0,125.9,9.4,,1015,
2019-06-11,22.7,17.8,27.2,3.6,0,328.2,20.2,,1016.2,
2019-06-12,21.4,17.8,25.6,2,0,76.4,12.6,,1019.7,
2019-06-13,20.4,16.1,26.1,26.7,0,332,13,,1009.3,
2019-06-14,19.6,13.9,26.1,0,0,262.6,17.6,,1016.4,
2019-06-15,21.9,16.1,28.9,0,0,200,18.4,,1019,
2019-06-16,24.8,20,30.6,0,0,193.7,17.3,,1012.6,
2019-06-17,27.4,23.3,32.8,25.1,0,213.8,9.4,,1013.9,
2019-06-18,25.2,22.2,31.1,29.5,0,202.4,10.4,,1013.4,
2019-06-19,24.8,22.2,30.6,0,0,177.1,13,,1008.7,
2019-06-20,27.7,22.8,33.3,2,0,210.3,17.6,,1002.1,
2019-06-21,25.1,21.7,29.4,0,0,291.1,22.3,,1006.5,
2019-06-22,24.2,18.9,28.3,0,0,320.9,14.8,,1015.6,
2019-06-23,24,17.2,28.9,0,0,292.8,10.8,,1017,
2019-06-24,25.3,21.1,31.1,0.5,0,182.6,11.5,,1011.5,
2019-06-25,26.7,23.3,32.2,4.8,0,277.5,14,,1011.3,
2019-06-26,28.2,22.2,32.8,0,0,301.4,14.4,,1017.6,
2019-06-27,28.7,23.3,33.3,0,0,312.9,9.4,,1020.6,
2019-06-28,27.3,22.2,35,0,0,223.5,9,,1020.7,
2019-06-29,28.1,22.2,35.6,1,0,235.1,12.6,,1017.4,
2019-06-30,27.9,22.8,33.3,0,0,322,22,,1012.5,
2019-07-01,26.4,20.6,31.1,0,0,335.6,10.8,,1014.6,
2019-07-02,27.2,21.1,34.4,10.7,0,222.6,11.9,,1011.9,
2019-07-03,27.6,22.8,33.9,0,0,314.1,11.2,,1012.1,
2019-07-04,28.3,24.4,32.8,5.8,0,90.7,9.4,,1016.4,
2019-07-05,27.5,25,32.2,0.3,0,152.4,10.4,,1018.3,
2019-07-06,28.7,23.3,33.3,18.3,0,205,12.2,,1014.2,
2019-07-07,26.6,23.9,31.7,0,0,7.5,8.6,,1012,
2019-07-08,25.3,21.7,26.7,87.4,0,78.9,16.6,,1012.8,
2019-07-09,24.7,19.4,30,0,0,99.6,8.6,,1018.1,
2019-07-10,26.1,21.7,30.6,0,0,181.6,13.7,,1017.5,
2019-07-11,26.7,22.2,32.8,22.4,0,178.4,14.4,,1012.2,
2019-07-12,26.3,22.2,32.2,0,0,301.7,12.6,,1010,
2019-07-13,27.9,22.8,32.8,0,0,301,10.8,,1014.6,
2019-07-14,29.5,23.9,34.4,0,0,283.2,12.2,,1015.7,
2019-07-15,28.2,22.2,32.2,0,0,348.8,10.8,,1018.2,
2019-07-16,28.7,23.9,33.9,0,0,176.9,11.2,,1017.9,
2019-07-17,29.7,23.3,35,7.4,0,189.4,14.4,,1014.4,
2019-07-18,28.5,25.6,33.9,0,0,234.1,10.4,,1011.8,
2019-07-19,30.8,26.1,35.6,0,0,230.3,11.9,,1013.3,
2019-07-20,31.8,27.2,36.1,0,0,229.3,12.6,,1012.6,
2019-07-21,32.7,26.7,37.2,0,0,251.1,12.6,,1011.6,
2019-07-22,28.9,24.4,35.6,0.8,0,232.6,14,,1010.1,
2019-07-23,23.6,21.1,25,2,0,329,11.9,,1011.3,
2019-07-24,24.3,20.6,30.6,9.4,0,357.4,12.2,,1014.5,
2019-07-25,24.2,18.3,31.1,0.3,0,8.1,8.6,,1019.7,
2019-07-26,26.2,20.6,32.2,0,0,87.3,6.1,,1024.1,
2019-07-27,26.5,21.7,31.7,0,0,182.1,11.9,,1024,
2019-07-28,27.8,22.8,33.3,0,0,191.4,10.4,,1020.4,
2019-07-29,28.8,23.9,34.4,0,0,186.8,11.5,,1016.8,
2019-07-30,29.4,24.4,35,0,0,186.1,16.2,,1015.6,
2019-07-31,27.6,23.3,32.2,0.3,0,265,10.4,,1016.9,
2019-08-01,26.7,21.7,32.8,0,0,55.5,7.9,,1018.2,
2019-08-02,26.1,22.2,30.6,0,0,139,11.2,,1019,
2019-08-03,27,23.3,32.8,0,0,150.2,9.7,,1016,
2019-08-04,28.6,24.4,33.3,0,0,315.9,10.4,,1013.8,
2019-08-05,27.3,22.8,31.7,0,0,86.2,9,,1014.2,
2019-08-06,27.1,22.2,33.3,0,0,185.3,13,,1011.4,
2019-08-07,27.4,22.2,34.4,22.9,0,195.9,14.8,,1009.5,
2019-08-08,26.8,22.2,33.3,0,0,257.6,12.6,,1008.5,
2019-08-09,28.9,23.9,33.9,0,0,314.1,15.5,,1009.2,
2019-08-10,25.4,18.9,29.4,0,0,317,12.6,,1012.8,
2019-08-11,25.4,20,30,0,0,0.6,11.2,,1016.8,
2019-08-12,26.3,21.1,33.3,0,0,184.7,13.3,,1015,
2019-08-13,27.2,25,29.4,3,0,207.5,12.2,,1009.7,
2019-08-14,27.9,24.4,32.2,0,0,341.3,10.4,,1009.5,
2019-08-15,26.7,24.4,31.1,5.1,0,76.4,11.2,,1014.1,
2019-08-16,26.6,23.3,31.7,0,0,121.9,7.2,,1015.1,
2019-08-17,28.2,24.4,33.3,0,0,132.4,7.9,,1015.4,
2019-08-18,28.8,24.4,35.6,0,0,169.3,10.8,,1015.3,
2019-08-19,29.9,25.6,36.7,0,0,192.8,9.4,,1015.4,
2019-08-20,29.3,23.3,35.6,9.1,0,91.9,11.5,,1017.6,
2019-08-21,26.7,22.2,33.9,0.3,0,193.9,14.8,,1014.2,
2019-08-22,28.7,24.4,35,0,0,235.4,12.6,,1013.2,
2019-08-23,24.2,20,26.1,9.7,0,347.7,15.8,,1016,
2019-08-24,21.8,17.8,27.2,0,0,18.2,13.3,,1021.2,
2019-08-25,22.3,18.3,26.7,0,0,57.3,16.6,,1022.5,
2019-08-26,21.1,17.8,24.4,0,0,58.2,15.5,,1021.2,
2019-08-27,22.1,18.9,26.7,0,0,97.9,8.6,,1017.2,
2019-08-28,23.7,20,28.9,0.5,0,17.5,8.3,,1012.4,
2019-08-29,24.4,19.4,30,0,0,312,13.3,,1015,
2019-08-30,24.7,18.3,31.7,0,0,202.6,11.2,,1018,
2019-08-31,26.6,21.1,32.8,0,0,34.4,12.2,,1021.7,
2019-09-01,25.3,21.7,28.3,0,0,94.2,13,,1023.8,
2019-09-02,25.6,22.2,31.7,1.3,0,191,13.3,,1017.9,
2019-09-03,25.8,21.7,31.7,0,0,44.5,11.2,,1016.7,
2019-09-04,27.4,22.2,35.6,0.5,0,200.6,14.4,,1014.4,
2019-09-05,25.4,22.2,27.2,0,0,45.8,17.6,,1016.6,
2019-09-06,22.5,18.9,25,0,0,23.3,22.3,,1010.5,
2019-09-07,22.8,17.2,30,0,0,320.2,10.1,,1011.9,
2019-09-08,23.9,17.8,28.9,0,0,356.5,8.3,,1017.6,
2019-09-09,24.9,21.1,29.4,0,0,66.5,7.2,,1021.9,
2019-09-10,25.3,20.6,31.7,0,0,149,10.8,,1025.5,
2019-09-11,26,21.7,33.9,0.3,0,191.4,14.4,,1022,
2019-09-12,28.3,23.3,36.7,0.8,0,294.7,13,,1018.4,
2019-09-13,22.9,20,24.4,0,0,87.3,17.3,,1026.7,
2019-09-14,22.8,19.4,27.2,0,0,164.2,13,,1024.4,
2019-09-15,26.6,22.2,32.2,0,0,324,9,,1020.8,
2019-09-16,25.6,20,33.3,0,0,179.7,6.8,,1017,
2019-09-17,25.3,20,27.8,0,0,53,14.8,,1018.3,
2019-09-18,21.8,17.2,26.7,0,0,69.7,11.2,,1022.3,
2019-09-19,19.4,15,24.4,0,0,84.1,9.4,,1026.4,
2019-09-20,19.2,12.8,26.1,0,0,190.4,11.9,,1025.1,
2019-09-21,22.4,16.1,31.1,0,0,183.1,8.6,,1023.1,
2019-09-22,26.4,21.1,33.9,0,0,181.5,10.4,,1019.8,
2019-09-23,27.3,22.2,34.4,0,0,199.7,17.3,,1013.1,
2019-09-24,25.3,18.3,28.3,0,0,320.5,17.3,,1012,
2019-09-25,22,16.1,28.9,0,0,216.1,11.5,,1013,
2019-09-26,23.8,18.3,33.3,0,0,209.3,13,,1010.3,
2019-09-27,23.3,17.8,28.9,0,0,104.1,11.9,,1018.4,
2019-09-28,23.4,19.4,28.9,0,0,182.9,10.4,,1019.1,
2019-09-29,26.4,22.2,32.8,0,0,25.2,13,,1022.1,
2019-09-30,22.5,20,22.8,3.6,0,124.6,12.2,,1024.1,
2019-10-01,24.1,20.6,30.6,0,0,186.2,13.3,,1019,
2019-10-02,28.1,22.8,36.7,0,0,218.2,12.2,,1012.5,
2019-10-03,26,22.8,27.8,0,0,89.2,13.7,,1014.6,
2019-10-04,23.8,12.2,26.7,0,0,350,23.4,,1018.8,
2019-10-05,14.5,9.4,19.4,0,0,67.5,15.8,,1028.3,
2019-10-06,19.1,16.7,22.8,0,0,172.3,13.7,,1024.8,
2019-10-07,23.6,17.2,28.9,0.5,0,201.2,20.2,,1020.4,
2019-10-08,18.5,16.1,20,0,0,25.4,24.5,,1021.9,
2019-10-09,17.9,13.3,22.8,0,0,32.3,19.4,,1023.2,
2019-10-10,18.1,13.3,26.1,0,0,359.5,15.5,,1023.2,
2019-10-11,18.9,12.8,25,0,0,6.5,14,,1019.8,
2019-10-12,17.8,12.8,23.9,0,0,16.1,9.4,,1016.3,
2019-10-13,15.7,13.3,19.4,3,0,51.1,9.7,,1018,
2019-10-14,17.1,11.1,25,0,0,301.7,7.9,,1015.8,
2019-10-15,17.1,10,22.8,0,0,66.1,7.9,,1019.6,
2019-10-16,16.1,10.6,18.3,34.3,0,193.7,16.6,,1007.1,
2019-10-17,13.1,10,16.1,0,0,277.5,23.8,,1004.9,
2019-10-18,13.1,8.9,18.9,0,0,315.8,16.9,,1014.5,
2019-10-19,12.6,6.7,18.9,0,0,117.4,8.6,,1018.4,
2019-10-20,13.9,12.8,14.4,40.6,0,53.2,18.4,,1014,
2019-10-21,15.4,12.8,21.1,0,0,38,12.2,,1017.8,
2019-10-22,15.7,12.8,17.8,14.7,0,168.5,11.9,,1013.1,
2019-10-23,15.1,9.4,19.4,0,0,292,10.1,,1017,
2019-10-24,13.2,7.2,20,0,0,190.4,5.4,,1026,
2019-10-25,14.6,10,21.1,0,0,189,6.1,,1024.6,
2019-10-26,16.8,14.4,19.4,0,0,50.5,9.4,,1022.1,
2019-10-27,20.1,16.1,26.7,37.6,0,264.5,15.5,,1012,
2019-10-28,17.3,13.3,20.6,0,0,51,9.7,,1020.7,
2019-10-29,16.8,15,20,0,0,126.9,6.5,,1024.4,
2019-10-30,17,15.6,19.4,6.6,0,115.4,6.1,,1023.1,
2019-10-31,19.5,11.7,25,31.8,0,192.5,21.6,,1009.9,
2019-11-01,11.9,5.6,12.2,0,0,311.9,21.6,,1020.9,
2019-11-02,7.6,2.8,13.3,0,0,322.9,7.2,,1022.7,
2019-11-03,9.3,5,13.9,0,0,295,11.5,,1022.7,
2019-11-04,9.2,3.9,16.1,0,0,179.7,12.6,,1025.8,
2019-11-05,11.5,6.7,17.8,0,0,251.2,7.9,,1022.8,
2019-11-06,11.3,6.7,15.6,0,0,331.6,10.4,,1029.1,
2019-11-07,11.2,7.8,16.1,1.5,0,223.7,15.5,,1021.4,
2019-11-08,6.7,1.7,8.3,0,0,321.5,22.7,,1024.6,
2019-11-09,3.3,-1,7.2,0,0,151.9,10.8,,1025.8,
2019-11-10,6.8,2.2,13.3,0,0,194.8,9.4,,1018.8,
2019-11-11,11,4.4,20.6,0,0,188.5,11.9,,1015.7,
2019-11-12,10,-1,15.6,1.8,0,308.3,24.5,,1015.3,
2019-11-13,0,-3.2,3.9,0,0,306.7,13.7,,1029.5,
2019-11-14,1.3,-2.1,5.6,0,0,201.4,8.3,,1028.9,
2019-11-15,5.8,0.6,12.8,0,0,348.7,9,,1024.5,
2019-11-16,5.7,2.8,8.3,0,0,26,23.4,,1027.3,
2019-11-17,4.7,2.8,7.8,0,0,25.8,21.6,,1022.7,
2019-11-18,6,4.4,9.4,7.4,0,346.1,10.4,,1010.8,
2019-11-19,8.5,6.1,13.3,0.5,0,221.9,9,,1010,
2019-11-20,9.9,7.8,12.8,0,0,325,18.7,,1017.7,
2019-11-21,8.7,4.4,12.8,0,0,230,13.7,,1022.6,
2019-11-22,10.6,4.4,13.3,5.6,0,241.2,15.1,,1013.7,
2019-11-23,5.1,1.7,6.7,10.7,0,95.6,8.6,,1015,
2019-11-24,7,4.4,12.2,7.1,0,298.2,16.9,,1002,
2019-11-25,7.5,1.7,13.9,0,0,202.7,9,,1011.3,
2019-11-26,8.9,3.3,16.7,0,0,178.9,6.1,,1016.1,
2019-11-27,10.8,6.7,14.4,0.3,0,199.2,19.1,,1010.8,
2019-11-28,10.2,6.1,12.2,0,0,314.6,28.4,,1018.4,
2019-11-29,7,2.8,11.1,0,0,344.1,16.9,,1023.7,
2019-11-30,6.3,5,7.8,0,0,54.5,9.4,,1018.3,
2019-12-01,5.9,4.4,7.8,12.7,0,61.1,13.7,,1005.4,
2019-12-02,5.4,4.4,6.7,0.3,0,323.3,16.9,,1002,
2019-12-03,6.1,3.9,10,0,0,320.8,22,,1006.1,
2019-12-04,5.4,2.2,10,0.3,0,254.8,11.5,,1003.1,
2019-12-05,6.7,3.3,9.4,0,0,287,16.9,,1013.9,
2019-12-06,6.2,2.2,11.7,0,0,213.3,13.7,,1020.3,
2019-12-07,6.4,1.1,8.3,0,0,7.8,10.4,,1029.1,
2019-12-08,3.3,-0.5,8.9,0,0,141.1,7.2,,1031.2,
2019-12-09,7.6,6.7,11.1,19,0,194.8,15.5,,1016.4,
2019-12-10,12.6,3.9,15.6,3.3,0,257.2,19.4,,1012.9,
2019-12-11,4.1,0.6,5.6,2.3,0,315.9,18,,1028.6,
2019-12-12,1.5,-1.6,5,0,0,81.6,9.7,,1038.5,
2019-12-13,2.7,0.6,6.1,6.9,0,39.2,10.8,,1024.2,
2019-12-14,7.1,5,11.1,3,0,299.6,14.4,,999.9,
2019-12-15,8.5,3.3,13.9,0,0,267.6,16.2,,1014.5,
2019-12-16,3.1,1.1,4.4,10.4,0,51.3,12.2,,1022.9,
2019-12-17,3.4,2.8,5.6,3.3,0,22.7,14.8,,1009.1,
2019-12-18,3.3,-2.7,6.7,0,0,298.3,24.8,,1016.7,
2019-12-19,-1.9,-5.5,1.7,0,0,295.9,14.8,,1030.4,
2019-12-20,0.2,-4.3,6.1,0,0,41.7,9.4,,1035.3,
2019-12-21,0.7,-2.1,3.9,0,0,134.4,4.7,,1035.2,
2019-12-22,1.6,-2.7,8.3,0,0,185.7,6.8,,1028.9,
2019-12-23,3.4,-1,11.7,0,0,195.7,6.1,,1021.3,
2019-12-24,5.7,0.6,12.2,0,0,12.5,7.9,,1019.3,
2019-12-25,3.8,-1,9.4,0,0,112.5,4.7,,1022.2,
2019-12-26,4.6,-0.5,12.8,0,0,91.9,5.8,,1024.5,
2019-12-27,7.6,3.3,13.3,0,0,160.7,6.5,,1024.7,
2019-12-28,9.8,3.3,19.4,0,0,45.2,6.1,,1023.4,
2019-12-29,9.4,6.7,11.7,15.2,0,95.8,8.3,,1019.4,
2019-12-30,12.8,7.2,18.9,6.6,0,41.4,12.2,,1004.5,
2019-12-31,8.6,6.1,12.2,0,0,285.6,13.7,,1006.7,
2020-01-01,7.7,1.7,10.6,0,0,299.9,13,,1010.9,
2020-01-02,4.8,0,12.2,0,0,191.4,7.9,,1014.3,
2020-01-03,10.1,7.8,11.7,6.4,0,191.5,9.7,,1009.8,
2020-01-04,11.8,7.8,15,7.9,0,322.8,10.4,,1004.7,
2020-01-05,6.3,2.2,7.8,0,0,308.8,19.8,,1015.9,
2020-01-06,6,1.7,13.3,0,0,238.4,13.3,,1017.6,
2020-01-07,4.1,0,8.3,8.1,0,348.4,8.3,,1016.5,
2020-01-08,3,-1,8.3,0,0,268,19.1,,1021.5,
2020-01-09,1.1,-1.6,5,0,0,47.7,13.3,,1039.2,
2020-01-10,5.2,1.7,12.8,0,0,188.3,14.4,,1033.7,
2020-01-11,14.2,7.8,22.2,0,0,189.9,22,,1022.2,
2020-01-12,18.7,9.4,21.1,9.7,0,274,19.4,,1020.4,
2020-01-13,9.7,6.7,11.7,0,0,21.6,6.5,,1028.2,
2020-01-14,8.2,6.7,10,1,0,53.2,6.1,,1023.2,
2020-01-15,9.6,7.2,14.4,0,0,212.2,9,,1021.2,
2020-01-16,10.5,2.2,13.9,0,0,295.4,27.4,,1019.9,
2020-01-17,2.3,-1.6,4.4,0,0,334.7,22,,1037.9,
2020-01-18,-0.5,-2.7,5.6,6.4,0,159,18.4,,1027.6,
2020-01-19,4.9,-2.1,7.8,0,0,320.1,22,,1013.1,
2020-01-20,-1.1,-4.3,2.2,0,0,335,23,,1027.5,
2020-01-21,-1.3,-4.9,3.3,0,0,339.9,18.7,,1032.6,
2020-01-22,-0.7,-4.3,4.4,0,0,2.8,7.2,,1032,
2020-01-23,1.5,-2.7,6.7,0,0,10.4,1.8,,1029.2,
2020-01-24,4.9,1.1,10.6,0,0,58.9,11.9,,1023.8,
2020-01-25,9.4,5,11.1,31.2,0,333.8,13.7,,1011.4,
2020-01-26,6.6,2.2,10,0,0,300.8,10.8,,1012.5,
2020-01-27,5.9,1.7,10,0,0,265.3,15.1,,1009.8,
2020-01-28,6.4,4.4,9.4,0,0,318.8,19.8,,1013.8,
2020-01-29,5.8,0,8.3,0,0,328,15.5,,1019.7,
2020-01-30,2.4,-0.5,6.7,0,0,43.9,9.4,,1025,
2020-01-31,3.8,0.6,8.3,0.3,0,17.7,5,,1025.2,
2020-02-01,5.1,-0.5,10.6,1.5,0,16.5,6.8,,1013.4,
2020-02-02,6.2,1.7,12.8,0.3,0,211.9,12.2,,1003.7,
2020-02-03,11.7,5.6,17.2,0,0,202.6,10.8,,1010.1,
2020-02-04,13.4,9.4,18.3,0.5,0,180.3,10.8,,1009.9,
2020-02-05,9.9,3.9,13.9,3.3,0,39.8,15.5,,1014.4,
2020-02-06,5,3.9,8.3,20.1,0,136.9,9,,1001.4,
2020-02-07,9.8,2.2,15,10.7,0,256.4,25.6,,994.8,
2020-02-08,3.6,-0.5,7.8,0,0,229.5,13,,1022.8,
2020-02-09,4.7,-0.5,10,0,0,185.8,10.4,,1030.8,
2020-02-10,7.3,6.1,9.4,10.9,0,193.3,17.6,,1022.5,
2020-02-11,11.1,8.9,14.4,12.7,0,315.5,11.5,,1014.3,
2020-02-12,8.6,5,10,2.3,0,17.5,13.7,,1021.1,
2020-02-13,8.4,5,13.9,7.6,0,237.2,20.2,,1008.7,
2020-02-14,4.7,-3.2,6.7,0,0,330.6,23.4,,1026.8,
2020-02-15,-1.8,-5.5,2.2,0,0,135,14.4,,1034.7,
2020-02-16,3.3,0,11.1,0,0,181.7,10.8,,1022.3,
2020-02-17,7.5,3.3,13.3,0,0,40.1,9,,1023.9,
2020-02-18,8.6,5,15,0,0,186.1,9.4,,1021.1,
2020-02-19,10.1,4.4,13.3,0.3,0,325.8,20.9,,1025.8,
2020-02-20,4.2,0.6,5.6,0,0,8.8,13.7,,1030.8,
2020-02-21,0.4,-4.3,3.9,0,0,338.5,18.7,,1033,
2020-02-22,2.9,-3.2,12.8,0,0,195.1,11.9,,1027.7,
2020-02-23,6.3,-1,15,0,0,198.8,6.5,,1022.9,
2020-02-24,7.8,2.2,15.6,0,0,126.4,10.1,,1016.6,
2020-02-25,9.7,7.8,12.8,5.8,0,171,9.4,,1010.6,
2020-02-26,10.5,6.7,12.2,4.3,0,78.2,10.4,,1009.1,
2020-02-27,6.3,0,7.2,1.3,0,294.7,26.3,,1008.9,
2020-02-28,3.1,-1,8.9,0,0,238.3,18.4,,1013.4,
2020-02-29,2.4,-0.5,3.9,0,0,306.8,22.3,,1016.7,
2020-03-01,3.3,-3.2,11.1,0,0,240.9,11.2,,1023.2,
2020-03-02,9.4,3.3,19.4,2.3,0,203.6,18.4,,1014.6,
2020-03-03,12.1,7.2,18.3,1.8,0,207,14.8,,1005.4,
2020-03-04,13.6,7.8,18.3,0,0,246.9,16.9,,1011.2,
2020-03-05,10.3,5,12.2,0,0,73,13.3,,1019.6,
2020-03-06,6.9,2.8,11.7,0,0,356,15.5,,1012.3,
2020-03-07,7.4,3.9,11.7,0,0,332.9,27.4,,1025.7,
2020-03-08,8.7,2.2,16.7,0,0,,13.7,,,
2020-03-09,12.8,6.1,23.3,0,0,187.9,14.8,,1028.8,
2020-03-10,16.6,12.2,22.2,0.3,0,204,20.9,,1020.4,
2020-03-11,12.8,7.2,13.9,0,0,12.4,11.5,,1019.4,
2020-03-12,11.8,7.8,17.8,0,0,90.2,10.1,,1017.3,
2020-03-13,15.7,10.6,25,5.6,0,280.7,17.3,,1013.3,
2020-03-14,12.7,5.6,14.4,3,0,335.6,18,,1027.8,
2020-03-15,7.3,5,10.6,1,0,35.6,10.8,,1031.2,
2020-03-16,7.9,3.3,12.8,0,0,85.7,14.4,,1031.4,
2020-03-17,10.3,6.7,17.8,0.3,0,167.1,13.3,,1023,
2020-03-18,11.3,6.7,14.4,2,0,97.6,14.8,,1029.9,
2020-03-19,13.7,9.4,23.9,8.4,0,126.6,9.7,,1022.4,
2020-03-20,19.8,13.9,28.3,0.5,0,223.6,19.8,,1015.5,
2020-03-21,15.1,8.3,20.6,2,0,357.2,19.1,,1024.5,
2020-03-22,8.5,4.4,11.7,0,0,57.4,18.4,,1033.6,
2020-03-23,6.8,5,8.3,9.1,0,8.4,13.3,,1024.7,
2020-03-24,8.9,6.7,12.8,0,0,10.2,9.4,,1020.6,
2020-03-25,8.9,6.7,10,7.4,0,37.2,17.6,,1015.5,
2020-03-26,10.1,7.2,15,0,0,181.8,13.3,,1016.7,
2020-03-27,14.8,10.6,21.1,0.3,0,80.9,7.6,,1012.1,
2020-03-28,14,10.6,15,11.7,0,71.7,11.2,,1014.8,
2020-03-29,12.9,10.6,21.7,0,0,46.6,9.4,,1010.9,
2020-03-30,15.7,11.7,24.4,0,0,65.3,17.6,,1012.9,
2020-03-31,12,6.1,13.3,3,0,35.8,17.6,,1014.2,
2020-04-01,8.4,5.6,13.9,0,0,359.2,18.4,,1009.9,
2020-04-02,11.7,5.6,17.2,0,0,318.6,25.6,,1011.6,
2020-04-03,13.8,8.3,20,0,0,331.1,28.8,,1010,
2020-04-04,12.8,10,15.6,0,0,16.5,11.5,,1015.9,
2020-04-05,13.2,8.3,20,0,0,178,9.7,,1017.9,
2020-04-06,16.9,12.2,21.7,0,0,357.4,11.5,,1017.3,
2020-04-07,15.7,12.2,23.3,9.4,0,172,9.7,,1012,
2020-04-08,18.3,13.3,25.6,0.8,0,276.1,13.3,,1002.7,
2020-04-09,16.9,8.9,23.9,3.6,0,307.1,25.2,,997.5,
2020-04-10,9.2,5.6,11.7,0,0,295.1,27.7,,1005.7,
2020-04-11,9.8,3.9,17.8,0,0,271.2,13.3,,1015.9,
2020-04-12,13.8,7.8,23.3,5.3,0,154.1,13.7,,1018,
2020-04-13,19.2,11.7,27.2,59.2,0,207.2,22.7,,1005.7,
2020-04-14,12.7,4.4,15.6,3.6,0,341.6,16.6,,1018.5,
2020-04-15,7.8,3.3,12.2,4.1,0,303.5,14,,1017,
2020-04-16,8.9,5.6,12.8,0,0,302.8,18,,1021.6,
2020-04-17,9.2,3.3,14.4,0,0,135.7,11.9,,1022.3,
2020-04-18,10.7,6.1,13.3,1.5,0,329.8,16.2,,1011.1,
2020-04-19,10.8,2.8,18.9,0,0,205.7,12.6,,1013,
2020-04-20,14.1,11.1,17.8,0,0,358.8,11.5,,1004.4,
2020-04-21,13.6,6.7,20,0.5,0,230.7,23,,1003.7,
2020-04-22,9.8,3.3,16.7,0,0,309.3,15.5,,1015.2,
2020-04-23,12.6,9.4,15,18.8,0,62.9,7.9,,1015.3,
2020-04-24,12.8,11.1,16.1,15.5,0,24.8,14.4,,1006.2,
2020-04-25,13.1,8.9,18.3,1.3,0,90.4,7.9,,1015.7,
2020-04-26,11.8,10,13.9,5.8,0,35.6,12.2,,1008.6,
2020-04-27,10.9,7.2,15.6,2.3,0,340.8,19.8,,1015.3,
2020-04-28,10.8,7.2,14.4,0.5,0,147,7.6,,1021.6,
2020-04-29,15.1,8.3,23.9,0,0,87.2,14,,1016.5,
2020-04-30,18,13.9,19.4,27.9,0,160.9,19.1,,1008.3,
2020-05-01,14.9,11.1,19.4,2.3,0,326.1,17.3,,1008.5,
2020-05-02,16.1,11.1,22.2,0,0,276.6,14,,1017.2,
2020-05-03,18,15.6,26.1,23.6,0,192.6,13,,1010.3,
2020-05-04,20.1,13.3,23.9,2.3,0,316.3,24.5,,1009,
2020-05-05,13.3,9.4,14.4,4.8,0,48.2,10.8,,1014.5,
2020-05-06,11.3,8.3,14.4,1.8,0,70.4,16.9,,1008.7,
2020-05-07,12.4,6.7,20.6,0,0,307,14,,1012.1,
2020-05-08,15.2,5,20.6,3,0,244.7,18.7,,1008.7,
2020-05-09,7.3,2.8,11.1,0,0,307.4,22.3,,1017.5,
2020-05-10,10.1,3.3,18.3,0,0,199.8,16.9,,1021,
2020-05-11,13.4,8.9,17.2,0.5,0,288.2,20.2,,1014.8,
2020-05-12,11.4,6.1,17.8,0,0,295.8,16.2,,1021.2,
2020-05-13,14.2,7.2,21.7,0,0,239.2,10.4,,1025.5,
2020-05-14,15.4,10.6,21.7,0.5,0,189.9,9,,1023.4,
2020-05-15,21.7,16.7,30,0,0,186.6,20.2,,1015.9,
2020-05-16,24.1,17.8,28.3,0,0,31.8,12.6,,1017,
2020-05-17,18.7,16.1,20.6,0,0,84.7,13.7,,1021.3,
2020-05-18,16.6,13.9,20,0,0,56.7,21.6,,1017.3,
2020-05-19,17.3,13.3,20.6,0,0,70.4,28.4,,1020.7,
2020-05-20,14.4,11.1,17.8,0,0,69.5,24.8,,1026.5,
2020-05-21,14.9,10,22.8,0,0,71.6,16.9,,1026.1,
2020-05-22,19.2,15.6,26.1,14.7,0,35.8,9.4,,1018.8,
2020-05-23,22.4,17.8,28.3,7.4,0,343,10.8,,1016,
2020-05-24,19.2,15.6,21.1,0,0,72.4,13,,1021.8,
2020-05-25,19.5,16.7,25.6,0,0,109.2,6.5,,1022.4,
2020-05-26,21.1,16.7,26.7,0,0,129.9,7.6,,1022.2,
2020-05-27,22.1,18.9,26.7,0,0,146.3,10.1,,1022.2,
2020-05-28,23.9,22.2,26.7,2,0,163.9,16.9,,1018.2,
2020-05-29,25.8,21.1,30.6,0.3,0,190.4,19.8,,1015.2,
2020-05-30,24.4,20.6,28.9,0,0,319.1,13.3,,1014.2,
2020-05-31,21.3,16.1,24.4,0,0,337.5,20.5,,1019.5,
2020-06-01,18.7,12.2,23.9,0,0,320.1,12.6,,1024.1,
2020-06-02,18.9,14.4,25,0,0,194.2,11.9,,1017.4,
2020-06-03,25.8,20,33.9,0,0,209.9,15.8,,1007.7,
2020-06-04,28.3,22.2,33.3,13.2,0,193.1,9.4,,1010.8,
2020-06-05,25.1,21.1,31.1,32,0,172.3,11.9,,1012,
2020-06-06,26.3,21.7,32.8,0,0,290.7,14.4,,1010.5,
2020-06-07,25.2,19.4,27.8,0,0,339.5,14.8,,1013.9,
2020-06-08,23.2,17.8,28.3,0,0,33.6,11.5,,1017.1,
2020-06-09,24.9,19.4,31.7,0,0,178.5,11.9,,1014.8,
2020-06-10,27.8,24.4,31.7,3.8,0,185.8,22,,1013,
2020-06-11,26.7,23.3,30.6,5.8,0,231.9,16.2,,1015.7,
2020-06-12,26.4,20,31.1,0,0,326.8,14.4,,1020,
2020-06-13,23.3,18.3,26.7,0,0,11.2,16.2,,1021.9,
2020-06-14,21.4,17.2,25.6,0,0,59.8,14,,1025.9,
2020-06-15,21.2,17.2,25.6,0,0,65.7,17.3,,1027.4,
2020-06-16,21.2,18.3,25.6,0,0,55.4,21.6,,1026.2,
2020-06-17,20.3,18.3,22.8,21.6,0,46.2,22.7,,1021.5,
2020-06-18,22.6,20,27.2,0,0,107.1,13,,1018.8,
2020-06-19,23.9,20.6,28.9,0.3,0,188.6,13,,1019,
2020-06-20,23,20.6,26.1,11.9,0,97.8,6.1,,1017.2,
2020-06-21,24.2,21.1,30,0,0,79.4,8.3,,1015.8,
2020-06-22,26,21.7,32.2,0,0,180,13.3,,1014.2,
2020-06-23,25.2,21.7,31.7,0,0,183.5,13.7,,1008.3,
2020-06-24,27,23.3,30,0,0,274.7,15.5,,1009.2,
2020-06-25,26.2,21.7,30,0,0,193,8.6,,1014.5,
2020-06-26,25.2,18.9,32.2,0,0,264.3,13.7,,1016.1,
2020-06-27,27.9,23.9,33.9,0.5,0,214.5,12.6,,1011,
2020-06-28,27.8,24.4,32.8,0,0,281.5,11.9,,1008.4,
2020-06-29,28.6,23.9,33.3,0,0,331.3,15.8,,1010.7,
2020-06-30,28.3,22.8,33.3,0,0,357.5,11.5,,1012,
2020-07-01,26.6,22.8,32.2,3,0,90.2,9.7,,1011.5,
2020-07-02,27.2,22.2,33.3,0,0,340.4,11.2,,1012,
2020-07-03,30.2,24.4,36.1,0,0,305.6,11.2,,1011.7,
2020-07-04,30,25.6,34.4,0,0,48.4,11.2,,1012.6,
2020-07-05,28.6,24.4,33.9,0,0,184.9,15.5,,1014.8,
2020-07-06,28.8,22.2,35.6,10.9,0,172.8,17.3,,1016.2,
2020-07-07,25.7,21.7,32.2,51.8,0,129,12.6,,1016.9,
2020-07-08,28.3,24.4,33.3,0,0,165.8,12.2,,1015.2,
2020-07-09,27.9,23.9,32.8,0,0,83.8,11.2,,1014.2,
2020-07-10,28.1,24.4,32.8,0,0,22.1,15.8,,1010.3,
2020-07-11,28.6,24.4,33.9,0,0,263.8,15.5,,1006.8,
2020-07-12,27.8,22.8,32.2,0.3,0,204,12.2,,1008.3,
2020-07-13,26.9,21.7,32.8,3.6,0,354.5,10.4,,1010.6,
2020-07-14,27.2,22.8,32.2,0,0,349,11.2,,1015.6,
2020-07-15,27.6,22.2,32.8,0,0,153.5,11.2,,1020,
2020-07-16,27,24.4,30.6,0,0,139.6,16.9,,1022.6,
2020-07-17,28.6,24.4,35.6,0,0,175.8,13,,1019.5,
2020-07-18,31.1,26.1,36.7,0,0,203.9,9,,1017.7,
2020-07-19,31,26.1,37.2,0,0,185.4,10.1,,1014,
2020-07-20,32.1,25.6,37.2,3.8,0,222.9,10.1,,1012.7,
2020-07-21,29.9,24.4,36.1,13.2,0,215.2,9.4,,1016,
2020-07-22,26.7,23.3,34.4,14.2,0,213.7,10.8,,1016.6,
2020-07-23,27.1,22.2,33.3,48,0,199.4,13.3,,1017.4,
2020-07-24,26.2,22.8,30,10.9,0,294.9,6.8,,1018.2,
2020-07-25,27.7,23.3,33.9,0,0,148.8,7.6,,1018.8,
2020-07-26,30.1,25.6,35,0,0,228.8,11.5,,1017.1,
2020-07-27,30.9,26.1,35.6,0,0,239.3,10.8,,1012.8,
2020-07-28,30.3,26.1,34.4,0,0,252.3,12.2,,1011.3,
2020-07-29,28.8,23.9,33.9,0,0,260.4,10.8,,1013.8,
2020-07-30,29.8,23.3,34.4,3.8,0,187.7,12.6,,1011.6,
2020-07-31,24.7,23.3,27.2,1.8,0,49.7,7.9,,1009.3,
2020-08-01,27,23.9,31.1,0,0,120.1,11.2,,1013.1,
2020-08-02,28.3,26.1,33.3,1.8,0,184.8,19.8,,1012.3,
2020-08-03,27.6,23.3,30.6,11.7,0,228.8,9.7,,1017,
2020-08-04,24.4,21.1,31.7,63,0,290.7,18.4,,1010.7,
2020-08-05,26.2,21.7,31.1,0,0,8,6.8,,1016.9,
2020-08-06,26.4,22.2,30,15.7,0,50.3,10.8,,1018,
2020-08-07,25.9,23.3,31.1,7.6,0,162.4,9.7,,1018.4,
2020-08-08,25.5,22.8,30.6,0,0,34.2,6.1,,1020.1,
2020-08-09,26.9,23.3,31.1,0,0,183,10.4,,1019.8,
2020-08-10,28.2,23.9,33.3,0,0,179,11.2,,1017.1,
2020-08-11,28.1,24.4,32.8,0,0,173.7,13,,1014.4,
2020-08-12,27.9,23.9,33.3,6.6,0,154,9.7,,1016.2,
2020-08-13,25.8,23.3,28.9,15,0,55.1,11.2,,1017.4,
2020-08-14,26.3,24.4,31.1,1.5,0,40.7,14.8,,1015.5,
2020-08-15,25.1,21.1,26.7,5.3,0,51.3,14,,1014.9,
2020-08-16,21.8,18.9,25,26.2,0,21.9,15.8,,1013.7,
2020-08-17,23.1,18.9,28.3,3.6,0,218.2,10.1,,1013.6,
2020-08-18,24.5,20,31.1,0,0,284.2,9.4,,1012.2,
2020-08-19,24.4,20.6,29.4,2.3,0,316.4,8.3,,1013.6,
2020-08-20,24.4,20,28.9,0,0,68.7,11.2,,1016.9,
2020-08-21,24.6,20.6,28.9,0,0,183.6,11.9,,1015.5,
2020-08-22,25.8,23.3,28.9,0,0,186.9,11.2,,1015,
2020-08-23,26.9,24.4,31.7,0,0,184.1,11.2,,1017.2,
2020-08-24,27.4,24.4,31.7,1.3,0,192.7,10.4,,1017.1,
2020-08-25,27.6,23.3,33.3,0.3,0,235.6,13.7,,1013.5,
2020-08-26,26.3,21.7,31.1,0,0,293.2,13.7,,1015.6,
2020-08-27,28.2,23.3,33.9,0,0,221.8,16.9,,1011.9,
2020-08-28,28.9,22.2,33.9,37.1,0,158.9,12.2,,1011.6,
2020-08-29,25.2,22.8,31.1,12.7,0,217.6,13.3,,1004.2,
2020-08-30,25.2,18.9,28.3,0,0,324.1,12.2,,1009.7,
2020-08-31,23.1,20.6,25,10.2,0,144.2,8.3,,1016,
2020-09-01,22.7,20,27.8,2.8,0,80.1,9,,1017.5,
2020-09-02,26.2,23.3,31.1,0.3,0,178.1,13.7,,1012.5,
2020-09-03,28,23.9,32.8,9.7,0,21.4,9.4,,1010,
2020-09-04,26.9,22.2,32.8,0,0,306,12.6,,1013.1,
2020-09-05,23.5,17.2,27.8,0,0,343.1,10.1,,1022.7,
2020-09-06,22.8,16.7,28.3,0,0,182.5,9.7,,1022,
2020-09-07,23.1,18.3,28.3,0,0,173,7.9,,1018.5,
2020-09-08,24.2,18.9,30.6,0,0,99.9,6.5,,1019.8,
2020-09-09,24.4,22.8,26.1,16.3,0,45.4,13.3,,1023.6,
2020-09-10,25.1,24.4,27.2,73.2,0,37.5,9.4,,1022.5,
2020-09-11,25.2,22.2,27.2,0,0,8.3,14.4,,1020.7,
2020-09-12,22.6,18.9,23.9,0,0,73.7,13.7,,1023.3,
2020-09-13,21.4,16.7,27.2,0,0,111.9,9,,1019.6,
2020-09-14,23.9,18.3,26.1,0,0,356.5,16.9,,1020.7,
2020-09-15,17.9,12.8,21.7,0,0,49.8,11.5,,1026.3,
2020-09-16,17.7,12.8,22.8,0,0,164.2,9,,1023,
2020-09-17,20.6,18.9,22.8,9.9,0,10.5,3.2,,1016.7,
2020-09-18,20.8,15,24.4,1.8,0,11.1,19.8,,1014.9,
2020-09-19,15.5,9.4,19.4,0,0,23,16.9,,1026.4,
2020-09-20,14.4,7.8,20.6,0,0,26.7,13.7,,1031.3,
2020-09-21,14.6,8.9,20,0,0,38.3,11.5,,1032.9,
2020-09-22,15.1,8.9,22.8,0,0,313,9.4,,1022.5,
2020-09-23,19.6,12.8,27.2,0,0,269.7,10.1,,1015.8,
2020-09-24,19.5,16.1,23.3,0,0,207.4,6.8,,1016.4,
2020-09-25,18.3,16.7,20.6,10.2,0,178.4,9.4,,1019,
2020-09-26,19.1,16.7,22.2,7.4,0,10.7,8.6,,1017,
2020-09-27,21.7,20,25.6,1.3,0,354.4,6.1,,1014.4,
2020-09-28,22.2,19.4,27.2,0.3,0,185,14.8,,1011.9,
2020-09-29,22.8,13.9,26.7,5.1,0,201.9,19.1,,1009.5,
2020-09-30,16.9,12.8,21.7,2.5,0,226.6,17.3,,1009.5,
2020-10-01,18.2,13.9,24.4,1,0,269.3,10.1,,1013.6,
2020-10-02,16.6,12.2,20.6,1.8,0,285.6,13.7,,1017.2,
2020-10-03,14.7,9.4,20,0,0,323.9,10.8,,1023.7,
2020-10-04,14.8,8.9,21.1,0,0,17.9,6.5,,1022.6,
2020-10-05,16.5,12.2,21.1,0.5,0,315.3,13,,1021.3,
2020-10-06,15.8,9.4,22.2,0,0,205.7,10.4,,1019.7,
2020-10-07,19.1,13.3,27.2,0,0,218.4,14,,1010.9,
2020-10-08,19.2,12.8,21.7,0,0,330.8,17.6,,1017.6,
2020-10-09,15.7,10,21.7,0,0,198.4,11.2,,1023.2,
2020-10-10,18,15.6,23.3,0,0,196.7,13.7,,1017.8,
2020-10-11,19.9,18.3,21.7,17.3,0,157.2,9,,1017.1,
2020-10-12,17.4,14.4,18.9,21.8,0,34.9,22,,1014.8,
2020-10-13,16.6,12.2,22.8,0,0,330.8,15.5,,1013.7,
2020-10-14,16,9.4,23.9,0,0,197.3,11.5,,1017.2,
2020-10-15,18,13.3,24.4,0,0,190.8,18.4,,1015.1,
2020-10-16,16.4,11.7,19.4,4.1,0,358,15.8,,1019.1,
2020-10-17,12.6,7.2,17.8,0,0,346.1,10.4,,1027,
2020-10-18,12.8,7.2,18.9,0,0,111.1,7.6,,1029.2,
2020-10-19,17,13.9,22.2,0,0,169,9,,1025.4,
2020-10-20,18.1,15,24.4,0,0,183.3,7.2,,1023.4,
2020-10-21,19.3,16.7,24.4,0.3,0,186.1,7.6,,1023.8,
2020-10-22,20.4,15.6,26.7,0,0,147.6,7.9,,1023.1,
2020-10-23,20.4,17.2,25,0,0,180.7,10.8,,1020.5,
2020-10-24,19.4,13.9,25.6,0,0,291.3,15.5,,1015.5,
2020-10-25,11.4,8.3,13.9,11.4,0,21.6,18,,1021.9,
2020-10-26,11.5,8.9,16.7,0,0,350.7,7.2,,1020.6,
2020-10-27,15.9,14.4,18.9,0,0,201.9,6.8,,1021.5,
2020-10-28,18.2,16.7,21.7,0,0,184.8,11.2,,1016.8,
2020-10-29,16.2,11.1,17.8,57.4,0,18.4,16.9,,1005.1,
2020-10-30,10.9,8.9,12.8,7.9,0,344.9,20.5,,1012.4,
2020-10-31,8.7,5,10.6,0,0,79.6,13,,1031.2,
2020-11-01,10.8,5.6,15,13.2,0,216,20.2,,1017.3,
2020-11-02,7.4,3.9,10,0,0,276.6,24.5,,1018.2,
2020-11-03,10.2,3.9,18.9,0,0,249.7,13.7,,1021,
2020-11-04,11.2,5.6,19.4,0,0,170.3,9,,1030.2,
2020-11-05,13.2,8.3,20.6,0,0,177.7,7.6,,1029.3,
2020-11-06,13.9,9.4,21.1,0,0,185.1,6.1,,1026.2,
2020-11-07,14.2,8.3,23.3,0,0,168.1,5,,1026.4,
2020-11-08,15.2,9.4,23.3,0,0,349.5,3.2,,1028.3,
2020-11-09,16.3,11.1,23.9,0,0,181,7.9,,1027.3,
2020-11-10,17.1,12.2,24.4,0,0,178.1,10.4,,1022.2,
2020-11-11,18.4,16.1,21.1,51.3,0,181.5,13.3,,1015.7,
2020-11-12,17.1,10.6,20,22.6,0,4.2,16.9,,1015.2,
2020-11-13,11.9,9.4,16.7,0,0,333.2,10.1,,1017.2,
2020-11-14,11.6,5.6,16.1,0,0,293.4,9.4,,1022.7,
2020-11-15,13.4,8.9,21.7,6.6,0,163.6,18.4,,1014.9,
2020-11-16,13.8,9.4,16.7,0,0,263.4,17.6,,1016.8,
2020-11-17,9.4,3.3,13.9,0,0,279.6,20.9,,1019.3,
2020-11-18,4.7,1.7,7.2,0,0,329,17.6,,1033.6,
2020-11-19,4.9,0,11.7,0,0,202.1,15.8,,1034.8,
2020-11-20,10.5,5.6,17.8,0,0,196.1,11.2,,1028.8,
2020-11-21,11.8,7.2,17.8,0,0,3.8,3.6,,1028.1,
2020-11-22,13.1,10.6,15,0,0,63.1,12.2,,1025.4,
2020-11-23,12,7.2,15,0.5,0,301.9,24.1,,1019.7,
2020-11-24,7.8,3.3,11.1,0,0,305.7,10.1,,1028.4,
2020-11-25,9.5,6.7,13.9,0.3,0,185.5,14.8,,1025.2,
2020-11-26,14.7,10.6,19.4,0.8,0,252.1,10.1,,1017,
2020-11-27,13.4,10.6,16.1,0,0,5.4,4,,1018.2,
2020-11-28,12.3,7.8,16.1,0,0,324.3,9.7,,1018.1,
2020-11-29,8.9,2.8,14.4,0,0,183.9,7.6,,1021,
2020-11-30,13.5,8.9,18.3,60.7,0,340.3,13,,1001.3,
2020-12-01,8.4,4.4,9.4,0.5,0,279.7,17.3,,1006.2,
2020-12-02,5.7,2.2,10,0,0,268.2,16.9,,1019.3,
2020-12-03,5.8,-0.5,12.2,0,0,203.4,6.5,,1024.7,
2020-12-04,9.7,8.3,11.7,10.7,0,177.2,10.4,,1017.4,
2020-12-05,8.4,6.1,9.4,20.8,0,329.2,25.2,,1011,
2020-12-06,5.9,1.1,8.9,0,0,321.7,20.5,,1014.9,
2020-12-07,2.4,0,5.6,0,0,334,13.3,,1011.2,
2020-12-08,3.4,0.6,8.3,0,0,310.9,21.6,,1012.2,
2020-12-09,2.6,-1,7.2,0,0,230.9,8.3,,1012.9,
2020-12-10,4.3,0,10.6,0,0,133.7,4.3,,1020.4,
2020-12-11,7.6,1.7,16.1,0,0,212.1,9.4,,1021.5,
2020-12-12,9.6,4.4,17.2,0,0,190,12.2,,1016.7,
2020-12-13,12.8,6.7,18.9,0,0,170.1,14.4,,1016.1,
2020-12-14,6.7,2.8,7.8,26.9,0,1.4,17.3,,1015.5,
2020-12-15,3.2,0,6.1,0,0,354.3,12.2,,1026.7,
2020-12-16,0.9,0,2.8,28.2,0,21.5,23,,1019.8,
2020-12-17,1.1,-2.1,5,0.3,0,337.5,16.2,,1015.6,
2020-12-18,1.8,-1.6,3.9,0,0,350.8,11.2,,1026.9,
2020-12-19,0.4,-2.1,2.8,0,0,109.7,7.9,,1029.3,
2020-12-20,3.7,1.7,6.7,0,0,181.2,10.8,,1019.8,
2020-12-21,5.3,4.4,7.8,0.8,0,190,9.4,,1011.3,
2020-12-22,7.1,3.9,10.6,0.3,0,271.1,18,,1015.7,
2020-12-23,4.9,0,8.9,0,0,179.6,10.4,,1027.6,
2020-12-24,9.7,5.6,16.7,33,0,140.9,15.8,,1012,
2020-12-25,5.9,-4.3,13.9,4.6,0,289.3,20.9,,1004.6,
2020-12-26,-2.1,-4.9,2.8,0,0,254.6,14.4,,1017.3,
2020-12-27,0.8,-3.2,6.1,0,0,147.6,9.4,,1025.4,
2020-12-28,5.2,1.7,11.1,0,0,188.5,14.8,,1021.9,
2020-12-29,5.1,0,6.1,0,0,331.7,18,,1031.8,
2020-12-30,2.6,-0.5,7.8,0,0,185.3,16.9,,1029.1,
2020-12-31,8.9,5,12.8,0,0,310.2,18.4,,1022,
2021-01-01,3.7,2.2,5,20.6,0,25.3,13.7,,1027.7,
2021-01-02,6.2,2.8,14.4,0,0,324,12.2,,1015.1,
2021-01-03,5.6,2.8,6.7,7.1,0,6.5,11.9,,1015.5,
2021-01-04,4.5,1.1,8.3,0,0,337.1,9,,1016.1,
2021-01-05,5.3,3.9,6.1,0.8,0,318,10.4,,1014.4,
2021-01-06,4.8,2.8,6.7,0,0,320,20.9,,1020,
2021-01-07,4.4,0.6,8.9,0,0,329.2,16.9,,1021.9,
2021-01-08,2.6,0.6,3.9,0,0,353.2,13.7,,1016.4,
2021-01-09,2.9,0,8.9,0,0,337.5,24.5,,1015.3,
2021-01-10,5.2,1.1,10,0,0,322.2,11.2,,1024.2,
2021-01-11,2.8,-1.6,6.7,0,0,258.8,5.4,,1025.3,
2021-01-12,3.1,-1.6,9.4,0,0,343.3,5.4,,1021.4,
2021-01-13,3.8,-2.1,10.6,0,0,179.7,5,,1017.1,
2021-01-14,5.3,-0.5,13.3,0,0,3.3,3.2,,1010.5,
2021-01-15,5.9,0.6,11.7,4.3,0,78.7,11.2,,1009,
2021-01-16,6.7,1.1,9.4,0,0,286.4,15.5,,1001.9,
2021-01-17,4.4,0.6,9.4,0,0,223.3,15.1,,1007.9,
2021-01-18,4.8,1.1,8.9,0,0,247.9,13.7,,1011.9,
2021-01-19,5.1,0.6,11.7,0,0,238,13,,1020.8,
2021-01-20,4.7,-0.5,7.8,0,0,306.3,17.6,,1017.8,
2021-01-21,3.3,-2.7,12.8,0,0,206,11.2,,1010,
2021-01-22,5.8,0.6,11.1,0,0,263.9,16.9,,1010.3,
2021-01-23,2,-3.2,3.9,0,0,320.8,25.6,,1022.6,
2021-01-24,-1.1,-3.8,3.3,0,0,315.4,10.1,,1025.4,
2021-01-25,2.7,0,3.9,4.6,0,75.3,10.4,,1019.2,
2021-01-26,1.1,0,3.3,1.8,0,33.4,7.2,,1013.6,
2021-01-27,4.1,2.2,7.2,0,0,326.3,15.8,,1018.2,
2021-01-28,1.4,-2.7,2.8,0,0,335.7,33.1,,1023,
2021-01-29,-1.8,-4.3,0.6,0,0,315.9,26.3,,1026,
2021-01-30,-0.7,-4.3,4.4,0,0,294.9,10.8,,1027.7,
2021-01-31,0.1,-1,1.1,9.9,0,85.4,14.4,,1021,
2021-02-01,-0.4,-1.6,1.1,3.6,50,342.2,25.2,,1007.7,
2021-02-02,1.2,0,2.8,1,50,322.5,27,,1002.4,
2021-02-03,2.1,0,6.1,0,30,313.3,24.5,,1005.6,
2021-02-04,3.4,-0.5,10,0,0,268.5,11.5,,1014.6,
2021-02-05,7.3,2.2,13.9,1.8,0,225,19.1,,1006.8,
2021-02-06,5.8,0.6,11.7,0,0,244,12.2,,1017.6,
2021-02-07,4.6,-2.1,6.7,12.4,0,340.9,15.1,,1016.1,
2021-02-08,-0.3,-3.8,3.9,0,0,81.5,13,,1028.8,
2021-02-09,3,-0.5,10.6,0,0,28.5,10.8,,1023.2,
2021-02-10,3.6,1.1,6.7,5.8,0,132.1,9.7,,1026.3,
2021-02-11,1.6,0,2.2,3.6,0,58.7,15.1,,1023,
2021-02-12,-0.5,-1.6,0,0,0,43.2,13.3,,1026.6,
2021-02-13,-0.8,-1.6,-0.5,11.4,0,29.5,16.9,,1023.8,
2021-02-14,-0.1,-1.6,3.3,0,0,2.2,13,,1023.7,
2021-02-15,3.1,1.7,5.6,13.2,0,34.3,11.5,,1020.3,
2021-02-16,3.8,-1.6,7.2,11.4,0,308.4,14.8,,1008.9,
2021-02-17,-0.6,-3.2,3.3,0,0,347,13,,1028.7,
2021-02-18,-1.1,-2.7,0,11.7,0,29.6,16.9,,1026.7,
2021-02-19,0.5,-1,4.4,1,0,343.4,19.8,,1020.6,
2021-02-20,-0.5,-2.7,1.1,0,0,315.4,22.7,,1025.9,
2021-02-21,-0.8,-3.8,3.9,0,0,259.6,12.2,,1034.6,
2021-02-22,1.1,0,5,10.4,0,192.6,15.5,,1017.5,
2021-02-23,5,-1,15.6,0,0,235.1,15.1,,1010.1,
2021-02-24,7.8,0,15.6,0,0,196.1,13.7,,1015.6,
2021-02-25,10.9,4.4,15,0,0,336.6,16.6,,1021,
2021-02-26,7.2,3.3,10.6,4.8,0,97.4,11.9,,1029.7,
2021-02-27,5.8,3.3,12.2,4.8,0,5,9.4,,1022.3,
2021-02-28,7.9,6.7,8.9,21.3,0,44,5.4,,1020.8,
2021-03-01,8.3,4.4,11.1,7.4,0,316.6,15.8,,1010.6,
2021-03-02,4.1,-0.5,7.8,0,0,297.5,18,,1023.7,
2021-03-03,6.2,-1,15.6,0,0,223.3,11.5,,1015.3,
2021-03-04,8.7,1.1,13.3,0,0,323.2,23.8,,1013.8,
2021-03-05,2.2,-2.1,6.7,0,0,308.9,22.3,,1018.7,
2021-03-06,3.9,-1.6,9.4,0,0,310.6,15.5,,1021.4,
2021-03-07,3.4,-2.1,8.9,0,0,339.2,12.6,,1028,
2021-03-08,4.9,-1.6,12.8,0,0,2.3,8.3,,1031.8,
2021-03-09,10.3,2.8,22.2,0,0,205.4,10.4,,1029.1,
2021-03-10,13.3,6.7,22.8,0,0,55.9,10.1,,1029.3,
2021-03-11,16.6,11.1,26.1,0,0,188.7,17.6,,1023.6,
2021-03-12,17.5,11.7,21.7,0,0,272.1,11.5,,1021.2,
2021-03-13,13.2,7.8,15.6,0,0,316.3,16.6,,1025.1,
2021-03-14,12.3,6.7,18.9,0,0,,26.3,,,
2021-03-15,6.1,0,8.9,0,0,7.1,15.5,,1028,
2021-03-16,5.8,4.4,7.8,0,0,153.3,14,,1022.6,
2021-03-17,7.2,5.6,10,0,0,84.3,7.9,,1020.5,
2021-03-18,9.8,8.3,12.2,9.4,0,143.1,13.3,,1012.1,
2021-03-19,8.3,4.4,10.6,0,0,10.5,28.1,,1020.4,
2021-03-20,6.9,0,15,0,0,46.7,8.6,,1034.5,
2021-03-21,9.6,2.2,17.8,0,0,46.3,7.2,,1033.3,
2021-03-22,11.1,2.8,18.9,0,0,63.2,8.6,,1027.9,
2021-03-23,13.3,7.2,20.6,0,0,59.4,13,,1023.6,
2021-03-24,13.8,12.2,15.6,42.9,0,37.7,8.3,,1017.5,
2021-03-25,15.1,12.8,18.9,0,0,163,7.6,,1017.3,
2021-03-26,21.3,14.4,28.9,0,0,246,26.3,,1011,
2021-03-27,16.7,10.6,21.7,0,0,188.5,14.4,,1020.2,
2021-03-28,16.3,10,23.3,13.5,0,199,22.7,,1007.8,
2021-03-29,11.2,6.7,16.1,0,0,298,20.2,,1020.3,
2021-03-30,13.1,7.2,20.6,0,0,164.4,14.8,,1026,
2021-03-31,15.9,10.6,18.9,23.4,0,168.8,14.8,,1016.8,
2021-04-01,9.4,1.1,11.7,4.8,0,321.7,28.4,,1015.9,
2021-04-02,3.3,-0.5,8.3,0,0,320,28.1,,1025.6,
2021-04-03,6.4,0.6,13.9,0,0,288.2,11.9,,1028.8,
2021-04-04,13.1,6.7,22.2,0,0,270.5,15.5,,1019.7,
2021-04-05,16.3,7.8,22.8,0,0,319.6,9,,1018,
2021-04-06,17.7,12.2,25.6,0,0,55.4,6.8,,1015.3,
2021-04-07,18.6,11.7,28.3,0,0,104.3,7.6,,1014.5,
2021-04-08,17.7,11.7,22.2,0,0,127.7,14.4,,1017.4,
2021-04-09,14.1,11.7,16.7,15.5,0,90.6,11.5,,1018.6,
2021-04-10,16,12.8,23.3,0.8,0,80.5,9.7,,1013.6,
2021-04-11,20.4,16.1,26.1,2.8,0,179.9,14,,999.3,
2021-04-12,15.7,10,17.8,2,0,48.6,14.8,,1007.3,
2021-04-13,13.6,10,20,0,0,13.8,9.4,,1017.3,
2021-04-14,14.1,10.6,17.2,7.6,0,195,10.8,,1017.5,
2021-04-15,14.9,8.9,18.9,0,0,296.8,17.6,,1008.8,
2021-04-16,11.1,6.1,16.7,0,0,285.6,18.7,,1009.2,
2021-04-17,11.6,5.6,16.7,0,0,312.6,11.2,,1010.5,
2021-04-18,13.6,8.3,20,0,0,273.9,10.8,,1012.2,
2021-04-19,13.7,10,16.7,0.3,0,194.2,10.1,,1011.9,
2021-04-20,15.3,8.3,24.4,0,0,188.7,18.4,,1013.4,
2021-04-21,15.7,4.4,20.6,0,0,254.8,28.8,,1008.6,
2021-04-22,6.9,2.2,12.2,0,0,278.5,18,,1016.6,
2021-04-23,10.6,3.3,18.3,0,0,252.2,12.6,,1019.6,
2021-04-24,12.9,5.6,18.3,15.2,0,180.7,10.4,,1016.6,
2021-04-25,13.3,10.6,20,6.6,0,329.3,18.4,,1008.6,
2021-04-26,13.9,7.8,20.6,0,0,319.7,17.3,,1019,
2021-04-27,17.8,10,28.9,0,0,188.3,13,,1016.1,
2021-04-28,22.5,16.7,31.1,0,0,182.1,14.8,,1012.2,
2021-04-29,24.1,19.4,30,0.3,0,196.7,16.2,,1006.3,
2021-04-30,20.7,10.6,22.8,0,0,298.7,33.5,,1006.4,
2021-05-01,13.7,8.3,20.6,0,0,291.6,20.9,,1015.7,
2021-05-02,19.1,12.2,28.9,0,0,189.1,17.6,,1010.8,
2021-05-03,21.2,18.3,24.4,1.5,0,189.6,15.5,,1008.7,
2021-05-04,22.7,18.9,28.9,12.2,0,190.4,13,,1006.8,
2021-05-05,20.3,13.3,27.2,1.5,0,275.7,16.9,,1007.3,
2021-05-06,14.6,9.4,18.9,0,0,319.8,14,,1016.3,
2021-05-07,13.8,8.9,18.3,1.3,0,300.4,9.4,,1012.5,
2021-05-08,11.4,6.7,16.7,1,0,309.3,15.5,,1014.3,
2021-05-09,13.4,8.3,20.6,0,0,184.4,14.4,,1015.7,
2021-05-10,16.9,11.1,21.7,0,0,318,20.9,,1013,
2021-05-11,15.8,11.1,21.1,0,0,317.5,14.4,,1019.3,
2021-05-12,14.6,10,20.6,0,0,331.6,14.8,,1024,
2021-05-13,16.2,9.4,22.2,0,0,341.6,11.2,,1024.2,
2021-05-14,17.1,11.1,23.3,0,0,340.8,7.2,,1024.1,
2021-05-15,18.2,10.6,26.1,0,0,43.4,6.1,,1023.6,
2021-05-16,17,12.2,22.8,0,0,173.3,10.4,,1024.8,
2021-05-17,17.8,12.2,23.9,0,0,110,7.2,,1025.9,
2021-05-18,19.6,12.8,26.1,0,0,183.7,10.4,,1027.4,
2021-05-19,21.6,14.4,29.4,0,0,185.5,11.5,,1027.4,
2021-05-20,24.1,16.7,33.9,0,0,128.5,10.4,,1029.1,
2021-05-21,21.5,15,28.3,0,0,175.6,9,,1032.4,
2021-05-22,24.1,16.7,32.8,0,0,258.5,13,,1025.1,
2021-05-23,28.7,23.3,34.4,0,0,300,16.9,,1017.2,
2021-05-24,22.8,15,26.7,8.6,0,83.1,15.5,,1022.7,
2021-05-25,18.4,14.4,26.1,0,0,153.2,12.2,,1024.1,
2021-05-26,24.7,21.1,32.8,22.9,0,186.3,13.7,,1015.3,
2021-05-27,24.8,20.6,30,0,0,332.7,11.9,,1015.7,
2021-05-28,22.6,15,25,29.5,0,41.6,18.4,,1009.9,
2021-05-29,13.6,10.6,15,13.5,0,30.4,22.3,,1013.8,
2021-05-30,11.7,10,14.4,3.8,0,359.6,19.1,,1021.2,
2021-05-31,15.8,10,24.4,0,0,295.7,9,,1025.1,
2021-06-01,19.8,13.9,25.6,0,0,182.8,13.7,,1024.6,
2021-06-02,21.9,17.8,27.2,0,0,169.7,14.8,,1022,
2021-06-03,22.9,19.4,28.3,2.5,0,179.4,17.3,,1016.4,
2021-06-04,23.3,21.1,30,1.3,0,196.6,12.2,,1014.3,
2021-06-05,26.3,20,32.8,0,0,204.9,12.2,,1016.3,
2021-06-06,27.2,21.7,33.3,0,0,178.7,12.6,,1017.7,
2021-06-07,28,24.4,32.2,0,0,177.9,15.5,,1018.4,
2021-06-08,27.7,24.4,31.1,0.3,0,183.5,13,,1017.3,
2021-06-09,27.8,24.4,31.7,0,0,323.6,10.8,,1016.7,
2021-06-10,26.3,20.6,31.7,25.1,0,59.8,11.9,,1014.3,
2021-06-11,21,19.4,21.7,45.7,0,58.8,18.4,,1011.8,
2021-06-12,21.1,18.3,26.1,0,0,41.1,11.9,,1010.5,
2021-06-13,23.3,19.4,27.8,0,0,170.1,13.7,,1012.4,
2021-06-14,24.9,19.4,31.7,46.5,0,206,13,,1009.6,
2021-06-15,23.7,18.9,27.8,0,0,327.8,17.6,,1009.9,
2021-06-16,22.9,18.3,27.2,0,0,319.3,18,,1013,
2021-06-17,22,15,26.7,0,0,327.4,11.9,,1016.5,
2021-06-18,22.9,16.1,29.4,0,0,191.6,15.1,,1016.3,
2021-06-19,26.1,22.8,31.1,4.1,0,208.1,10.8,,1010.6,
2021-06-20,26.8,22.2,31.7,0.3,0,183.8,14.8,,1009.8,
2021-06-21,27.2,23.9,32.2,1.3,0,175.2,14,,1006.2,
2021-06-22,22.5,16.1,24.4,8.6,0,337.9,13,,1009,
2021-06-23,19.6,13.9,25.6,0,0,23,9,,1022.4,
2021-06-24,21.3,15.6,26.1,0,0,95.5,9,,1026.7,
2021-06-25,21.9,16.7,26.7,0,0,167.5,10.8,,1025.4,
2021-06-26,25.4,22.8,29.4,3.6,0,180.8,17.6,,1023.1,
2021-06-27,27.1,23.3,31.7,0,0,185,18.4,,1022.1,
2021-06-28,28.3,24.4,32.8,0,0,179.2,17.3,,1023.4,
2021-06-29,28.8,24.4,33.9,0,0,183.8,16.2,,1023.3,
2021-06-30,29.8,24.4,35,0.8,0,235.2,12.2,,1017.7,
2021-07-01,26.9,21.1,32.8,32.3,0,206.5,8.6,,1011.4,
2021-07-02,23.8,20.6,28.3,2.3,0,274,15.5,,1008.7,
2021-07-03,22.6,17.2,27.2,0,0,326.2,16.9,,1009.9,
2021-07-04,23.6,17.8,29.4,0,0,225.1,7.6,,1012.8,
2021-07-05,26.3,21.7,31.1,0,0,151.1,12.2,,1016.8,
2021-07-06,28.1,22.8,33.9,0,0,190.4,15.5,,1017,
2021-07-07,29.4,25,33.9,0,0,181.5,13.7,,1014.9,
2021-07-08,27.6,22.2,30,6.1,0,183.2,16.6,,1014.1,
2021-07-09,25.1,21.7,32.2,29.2,0,236.6,12.6,,1011.6,
2021-07-10,24.7,21.1,28.9,0,0,325.7,13,,1016.3,
2021-07-11,27.4,23.9,32.2,0,0,175.9,16.9,,1016.7,
2021-07-12,28.8,25.6,33.3,0,0,188.1,15.8,,1018.6,
2021-07-13,29.7,25.6,33.9,0,0,186.2,18,,1021,
2021-07-14,28.6,23.3,33.3,0,0,204.4,10.8,,1021.3,
2021-07-15,26.7,22.2,32.8,0,0,189.4,10.1,,1019.2,
2021-07-16,29.8,24.4,34.4,0,0,189.7,11.2,,1017,
2021-07-17,29.6,25,34.4,0,0,192.1,15.1,,1016.2,
2021-07-18,26.2,23.3,28.9,0,0,280.9,16.6,,1017.3,
2021-07-19,26.4,22.2,32.2,0,0,269.5,10.4,,1017.2,
2021-07-20,27.8,22.8,34.4,0,0,259.3,9.7,,1014.1,
2021-07-21,27.9,23.3,32.2,11.4,0,325.2,11.9,,1012.8,
2021-07-22,24.9,20,28.9,0,0,353.4,14.4,,1019.8,
2021-07-23,24.9,20,30.6,0,0,12.7,7.9,,1020.9,
2021-07-24,25.4,21.1,30.6,0.8,0,181.3,13.7,,1018.7,
2021-07-25,26.4,22.8,32.8,0,0,187.9,16.9,,1013.6,
2021-07-26,29,23.3,36.1,9.4,0,180.7,8.6,,1013.6,
2021-07-27,27.4,22.8,35.6,0,0,223.6,6.5,,1014.7,
2021-07-28,28.9,22.8,34.4,11.4,0,330.5,10.8,,1015,
2021-07-29,26.4,22.8,30.6,4.8,0,182.5,11.5,,1013.4,
2021-07-30,28,23.9,32.8,0,0,323.7,15.8,,1010.8,
2021-07-31,24.4,20.6,27.8,0,0,83.2,12.6,,1015.5,
2021-08-01,23.7,21.1,27.2,8.9,0,194,10.1,,1011.8,
2021-08-02,23.6,18.9,28.9,0,0,343.1,12.6,,1016.3,
2021-08-03,23.6,20,27.8,0,0,60.1,9.7,,1019.1,
2021-08-04,23.6,20.6,27.8,0,0,55.7,13,,1019.1,
2021-08-05,24.6,18.9,31.1,0,0,2.1,8.3,,1019.8,
2021-08-06,26.4,21.1,32.2,0,0,183.3,14.4,,1021,
2021-08-07,23.6,20.6,25,6.1,0,139,9,,1018.5,
2021-08-08,25.1,20,33.3,0,0,351.9,10.8,,1017.9,
2021-08-09,27,22.8,33.3,0,0,161.9,13,,1019.6,
2021-08-10,27.7,22.8,34.4,16.5,0,178.4,14.8,,1019.2,
2021-08-11,27.4,23.3,35.6,1,0,200.2,11.2,,1017.7,
2021-08-12,28,23.3,35.6,0,0,190.3,13.7,,1017.1,
2021-08-13,30.6,23.3,35.6,2.3,0,223.5,10.4,,1018,
2021-08-14,27.2,23.3,33.9,60.5,0,329.6,9,,1019,
2021-08-15,26,22.8,28.9,6.1,0,57.3,11.2,,1021.4,
2021-08-16,25.3,22.8,29.4,19,0,119.5,8.3,,1021.1,
2021-08-17,26.2,22.2,31.1,15,0,162.6,10.1,,1020.5,
2021-08-18,28.1,26.1,30.6,9.1,0,169.1,20.2,,1018.6,
2021-08-19,28.8,24.4,33.3,0.5,0,255.3,11.2,,1016.1,
2021-08-20,25.3,21.7,29.4,57.9,0,25.6,10.4,,1013.8,
2021-08-21,26.7,23.9,31.1,5.3,0,22.1,5.8,,1012.1,
2021-08-22,26.3,23.3,29.4,0,0,268.8,7.9,,1012.2,
2021-08-23,27.7,23.3,33.9,0.5,0,254.9,12.2,,1011.5,
2021-08-24,29.2,24.4,33.9,0,0,351,12.6,,1015.7,
2021-08-25,28.8,23.9,33.9,0.3,0,203.3,7.6,,1019.2,
2021-08-26,27.2,23.9,33.3,14.7,0,175.8,3.6,,1019.8,
2021-08-27,27.5,24.4,33.9,6.6,0,60.4,7.9,,1018.9,
2021-08-28,27.8,24.4,33.9,0,0,23.5,11.9,,1021.1,
2021-08-29,25.6,22.8,28.9,0,0,74.6,8.6,,1021.2,
2021-08-30,27.2,23.9,34.4,0,0,219,10.1,,1013.6,
2021-08-31,26.7,23.3,30.6,0,0,331.2,5.8,,1010,
2021-09-01,26.1,20,29.4,34,0,52.7,19.4,,1003.9,
2021-09-02,21.7,17.2,26.7,0,0,335.8,16.6,,1012.5,
2021-09-03,20.9,15,26.7,0,0,350.7,9.7,,1018.4,
2021-09-04,21.5,16.7,26.7,0,0,212.5,7.9,,1017.4,
2021-09-05,22.5,20.6,25.6,0,0,199.3,10.8,,1011.4,
2021-09-06,25.3,21.1,30.6,0.3,0,287,10.4,,1012,
2021-09-07,24.1,18.9,30,0,0,184.1,12.6,,1015,
2021-09-08,24.4,20,30.6,0,0,187.4,17.6,,1010.6,
2021-09-09,23.3,19.4,26.7,6.4,0,336.4,10.1,,1009.7,
2021-09-10,21.4,17.2,25.6,0,0,321.5,15.5,,1015.9,
2021-09-11,21,16.1,26.7,0,0,179.6,10.8,,1022.1,
2021-09-12,23,18.3,30,0,0,191.7,15.5,,1020.6,
2021-09-13,26.5,21.7,32.2,0,0,235.2,9.7,,1018.9,
2021-09-14,26.7,22.2,31.7,0,0,136.4,7.9,,1017,
2021-09-15,26.7,22.8,32.2,0,0,188.7,16.2,,1014.7,
2021-09-16,25.1,22.2,28.9,20.1,0,19.1,11.5,,1020.1,
2021-09-17,24.2,21.7,27.8,0.3,0,48.4,11.9,,1022.1,
2021-09-18,24.4,21.1,29.4,0,0,57.4,6.1,,1019.4,
2021-09-19,24.9,20.6,28.3,0,0,22,11.2,,1021,
2021-09-20,22.4,17.8,26.7,0,0,98.7,10.8,,1025.1,
2021-09-21,22.4,18.3,27.8,0,0,90.4,12.2,,1024.3,
2021-09-22,24.1,21.7,26.7,8.4,0,142.5,16.9,,1015.3,
2021-09-23,22.3,16.1,25,33,0,329.6,16.6,,1010.4,
2021-09-24,18.4,12.8,23.9,0,0,340.6,9.4,,1018.5,
2021-09-25,19.1,13.9,25,0,0,291.1,7.6,,1016.9,
2021-09-26,20.2,14.4,25,0,0,286.4,14,,1016.7,
2021-09-27,19.7,13.9,26.7,0,0,196.9,13.3,,1016.5,
2021-09-28,22.3,17.2,27.8,0,0,242.9,11.2,,1012.5,
2021-09-29,20.4,14.4,23.3,0,0,351.6,11.9,,1016.8,
2021-09-30,18.3,12.2,24.4,0,0,330.8,10.4,,1020.4,
2021-10-01,17.9,12.8,23.3,0,0,20,6.8,,1024.6,
2021-10-02,18.9,13.3,26.1,0,0,197.2,9,,1021.7,
2021-10-03,21.6,17.2,27.8,0,0,188.5,10.8,,1015.5,
2021-10-04,23.8,21.1,28.3,0,0,183,13,,1014,
2021-10-05,23.2,20,28.3,0,0,53.6,11.5,,1020.7,
2021-10-06,21.2,19.4,22.8,0.5,0,69.1,10.4,,1026.7,
2021-10-07,21.2,18.3,26.7,0,0,72.3,6.1,,1025.2,
2021-10-08,21.8,18.9,25.6,0,0,70.1,4.7,,1020.7,
2021-10-09,20.9,18.3,23.3,0,0,63.6,15.5,,1020.2,
2021-10-10,20.6,18.3,23.3,1,0,32.9,18.4,,1018.5,
2021-10-11,19.5,18.3,20.6,0,0,13.7,14.8,,1018.3,
2021-10-12,20.1,17.8,22.8,1.5,0,23.9,8.6,,1018.9,
2021-10-13,20.6,18.9,23.3,0,0,184.3,5.8,,1017.3,
2021-10-14,21.4,16.7,27.2,0,0,319.5,9,,1015.4,
2021-10-15,21.5,17.2,27.2,0,0,188.6,9.4,,1013.6,
2021-10-16,21.2,13.3,27.2,7.6,0,224.3,18.4,,1008.7,
2021-10-17,15,10,19.4,0,0,285.2,14.8,,1014.8,
2021-10-18,14.5,8.9,21.1,0,0,284.6,14.8,,1016.4,
2021-10-19,15.6,8.3,23.9,0,0,277.4,9.7,,1020,
2021-10-20,18.4,11.7,25.6,0,0,233,11.2,,1020.2,
2021-10-21,17.4,11.7,23.9,0,0,191,10.4,,1015.9,
2021-10-22,19.4,13.3,21.7,0,0,301,13,,1013.4,
2021-10-23,16.3,12.8,20.6,0,0,331.1,11.2,,1015.6,
2021-10-24,15.9,13.3,21.1,0,0,150,11.5,,1019.9,
2021-10-25,19.8,16.1,26.7,39.4,0,190.2,17.3,,1008.9,
2021-10-26,16.6,11.7,18.9,2.8,0,318.1,23.8,,1002.3,
2021-10-27,15.2,11.7,22.2,0,0,325.4,21.6,,1007.8,
2021-10-28,15.3,11.1,20,0,0,68.1,10.8,,1012.6,
2021-10-29,15.4,13.9,17.2,29.2,0,65.6,20.2,,1002.4,
2021-10-30,15.2,11.7,17.2,1,0,201.2,12.6,,1000.8,
2021-10-31,14.9,11.1,20.6,0,0,246.5,14,,1006.2,
